ids,segment,country, product , discount_band ,units_sold,  manufacturing_price  , sale_price , gross_sales , discounts ,  sales ,cogs, profit ,dates,months,years
6473248,Government,Canada, Carretera ,  No bands ,1619,3,20,32370.0,0.00,32370.00,16185,16185.00,01-01-2014, January ,2014
6473249,Government,Germany, Carretera ,  No bands ,1321,3,20,26420.0,0.00,26420.00,13210,13210.00,01-01-2014, January ,2014
6473250,Midmarket,France, Carretera ,  No bands ,2178,3,15,32670.0,0.00,32670.00,21780,10890.00,01-06-2014, June ,2014
6473251,Midmarket,Germany, Carretera ,  No bands ,888,3,15,13320.0,0.00,13320.00,8880,4440.00,01-06-2014, June ,2014
6473252,Midmarket,Mexico, Carretera ,  No bands ,2470,3,15,37050.0,0.00,37050.00,24700,12350.00,01-06-2014, June ,2014
6473253,Government,Germany, Carretera ,  No bands ,1513,3,350,529550.0,0.00,529550.00,393380,136170.00,01-12-2014, December ,2014
6473254,Midmarket,Germany, Montana ,  No bands ,921,5,15,13815.0,0.00,13815.00,9210,4605.00,01-03-2014, March ,2014
6473255,Channel Partners,Canada, Montana ,  No bands ,2518,5,12,30216.0,0.00,30216.00,7554,22662.00,01-06-2014, June ,2014
6473256,Government,France, Montana ,  No bands ,1899,5,20,37980.0,0.00,37980.00,18990,18990.00,01-06-2014, June ,2014
6473257,Channel Partners,Germany, Montana ,  No bands ,1545,5,12,18540.0,0.00,18540.00,4635,13905.00,01-06-2014, June ,2014
6473258,Midmarket,Mexico, Montana ,  No bands ,2470,5,15,37050.0,0.00,37050.00,24700,12350.00,01-06-2014, June ,2014
6473259,Enterprise,Canada, Montana ,  No bands ,2666,5,125,333187.5,0.00,333187.50,319860,13327.50,01-07-2014, July ,2014
6473260,Small Business,Mexico, Montana ,  No bands ,958,5,300,287400.0,0.00,287400.00,239500,47900.00,01-08-2014, August ,2014
6473261,Government,Germany, Montana ,  No bands ,2146,5,7,15022.0,0.00,15022.00,10730,4292.00,01-09-2014, September ,2014
6473262,Enterprise,Canada, Montana ,  No bands ,345,5,125,43125.0,0.00,43125.00,41400,1725.00,01-10-2013, October ,2013
6473263,Midmarket,United States of America, Montana ,  No bands ,615,5,15,9225.0,0.00,9225.00,6150,3075.00,01-12-2014, December ,2014
6473264,Government,Canada, Paseo ,  No bands ,292,10,20,5840.0,0.00,5840.00,2920,2920.00,01-02-2014, February ,2014
6473265,Midmarket,Mexico, Paseo ,  No bands ,974,10,15,14610.0,0.00,14610.00,9740,4870.00,01-02-2014, February ,2014
6473266,Channel Partners,Canada, Paseo ,  No bands ,2518,10,12,30216.0,0.00,30216.00,7554,22662.00,01-06-2014, June ,2014
6473267,Government,Germany, Paseo ,  No bands ,1006,10,350,352100.0,0.00,352100.00,261560,90540.00,01-06-2014, June ,2014
6473268,Channel Partners,Germany, Paseo ,  No bands ,367,10,12,4404.0,0.00,4404.00,1101,3303.00,01-07-2014, July ,2014
6473269,Government,Mexico, Paseo ,  No bands ,883,10,7,6181.0,0.00,6181.00,4415,1766.00,01-08-2014, August ,2014
6473270,Midmarket,France, Paseo ,  No bands ,549,10,15,8235.0,0.00,8235.00,5490,2745.00,01-09-2013, September ,2013
6473271,Small Business,Mexico, Paseo ,  No bands ,788,10,300,236400.0,0.00,236400.00,197000,39400.00,01-09-2013, September ,2013
6473272,Midmarket,Mexico, Paseo ,  No bands ,2472,10,15,37080.0,0.00,37080.00,24720,12360.00,01-09-2014, September ,2014
6473273,Government,United States of America, Paseo ,  No bands ,1143,10,7,8001.0,0.00,8001.00,5715,2286.00,01-10-2014, October ,2014
6473274,Government,Canada, Paseo ,  No bands ,1725,10,350,603750.0,0.00,603750.00,448500,155250.00,01-11-2013, November ,2013
6473275,Channel Partners,United States of America, Paseo ,  No bands ,912,10,12,10944.0,0.00,10944.00,2736,8208.00,01-11-2013, November ,2013
6473276,Midmarket,Canada, Paseo ,  No bands ,2152,10,15,32280.0,0.00,32280.00,21520,10760.00,01-12-2013, December ,2013
6473277,Government,Canada, Paseo ,  No bands ,1817,10,20,36340.0,0.00,36340.00,18170,18170.00,01-12-2014, December ,2014
6473278,Government,Germany, Paseo ,  No bands ,1513,10,350,529550.0,0.00,529550.00,393380,136170.00,01-12-2014, December ,2014
6473279,Government,Mexico, Velo ,  No bands ,1493,120,7,10451.0,0.00,10451.00,7465,2986.00,01-01-2014, January ,2014
6473280,Enterprise,France, Velo ,  No bands ,1804,120,125,225500.0,0.00,225500.00,216480,9020.00,01-02-2014, February ,2014
6473281,Channel Partners,Germany, Velo ,  No bands ,2161,120,12,25932.0,0.00,25932.00,6483,19449.00,01-03-2014, March ,2014
6473282,Government,Germany, Velo ,  No bands ,1006,120,350,352100.0,0.00,352100.00,261560,90540.00,01-06-2014, June ,2014
6473283,Channel Partners,Germany, Velo ,  No bands ,1545,120,12,18540.0,0.00,18540.00,4635,13905.00,01-06-2014, June ,2014
6473284,Enterprise,United States of America, Velo ,  No bands ,2821,120,125,352625.0,0.00,352625.00,338520,14105.00,01-08-2014, August ,2014
6473285,Enterprise,Canada, Velo ,  No bands ,345,120,125,43125.0,0.00,43125.00,41400,1725.00,01-10-2013, October ,2013
6473286,Small Business,Canada, VTT ,  No bands ,2001,250,300,600300.0,0.00,600300.00,500250,100050.00,01-02-2014, February ,2014
6473287,Channel Partners,Germany, VTT ,  No bands ,2838,250,12,34056.0,0.00,34056.00,8514,25542.00,01-04-2014, April ,2014
6473288,Midmarket,France, VTT ,  No bands ,2178,250,15,32670.0,0.00,32670.00,21780,10890.00,01-06-2014, June ,2014
6473289,Midmarket,Germany, VTT ,  No bands ,888,250,15,13320.0,0.00,13320.00,8880,4440.00,01-06-2014, June ,2014
6473290,Government,France, VTT ,  No bands ,1527,250,350,534450.0,0.00,534450.00,397020,137430.00,01-09-2013, September ,2013
6473291,Small Business,France, VTT ,  No bands ,2151,250,300,645300.0,0.00,645300.00,537750,107550.00,01-09-2014, September ,2014
6473292,Government,Canada, VTT ,  No bands ,1817,250,20,36340.0,0.00,36340.00,18170,18170.00,01-12-2014, December ,2014
6473293,Government,France, Amarilla ,  No bands ,2750,260,350,962500.0,0.00,962500.00,715000,247500.00,01-02-2014, February ,2014
6473294,Channel Partners,United States of America, Amarilla ,  No bands ,1953,260,12,23436.0,0.00,23436.00,5859,17577.00,01-04-2014, April ,2014
6473295,Enterprise,Germany, Amarilla ,  No bands ,4220,260,125,527437.5,0.00,527437.50,506340,21097.50,01-04-2014, April ,2014
6473296,Government,France, Amarilla ,  No bands ,1899,260,20,37980.0,0.00,37980.00,18990,18990.00,01-06-2014, June ,2014
6473297,Government,Germany, Amarilla ,  No bands ,1686,260,7,11802.0,0.00,11802.00,8430,3372.00,01-07-2014, July ,2014
6473298,Channel Partners,United States of America, Amarilla ,  No bands ,2141,260,12,25692.0,0.00,25692.00,6423,19269.00,01-08-2014, August ,2014
6473299,Government,United States of America, Amarilla ,  No bands ,1143,260,7,8001.0,0.00,8001.00,5715,2286.00,01-10-2014, October ,2014
6473300,Midmarket,United States of America, Amarilla ,  No bands ,615,260,15,9225.0,0.00,9225.00,6150,3075.00,01-12-2014, December ,2014
6473301,Government,France, Paseo , Low ,3945,10,7,27615.0,276.15,27338.85,19725,7613.85,01-01-2014, January ,2014
6473302,Midmarket,France, Paseo , Low ,2296,10,15,34440.0,344.40,34095.60,22960,11135.60,01-02-2014, February ,2014
6473303,Government,France, Paseo , Low ,1030,10,7,7210.0,72.10,7137.90,5150,1987.90,01-05-2014, May ,2014
6473304,Government,France, Velo , Low ,639,120,7,4473.0,44.73,4428.27,3195,1233.27,01-11-2014, November ,2014
6473305,Government,Canada, VTT , Low ,1326,250,7,9282.0,92.82,9189.18,6630,2559.18,01-03-2014, March ,2014
6473306,Channel Partners,United States of America, Carretera , Low ,1858,3,12,22296.0,222.96,22073.04,5574,16499.04,01-02-2014, February ,2014
6473307,Government,Mexico, Carretera , Low ,1210,3,350,423500.0,4235.00,419265.00,314600,104665.00,01-03-2014, March ,2014
6473308,Government,United States of America, Carretera , Low ,2529,3,7,17703.0,177.03,17525.97,12645,4880.97,01-07-2014, July ,2014
6473309,Channel Partners,Canada, Carretera , Low ,1445,3,12,17340.0,173.40,17166.60,4335,12831.60,01-09-2014, September ,2014
6473310,Enterprise,United States of America, Carretera , Low ,330,3,125,41250.0,412.50,40837.50,39600,1237.50,01-09-2013, September ,2013
6473311,Channel Partners,France, Carretera , Low ,2671,3,12,32052.0,320.52,31731.48,8013,23718.48,01-09-2014, September ,2014
6473312,Channel Partners,Germany, Carretera , Low ,766,3,12,9192.0,91.92,9100.08,2298,6802.08,01-10-2013, October ,2013
6473313,Small Business,Mexico, Carretera , Low ,494,3,300,148200.0,1482.00,146718.00,123500,23218.00,01-10-2013, October ,2013
6473314,Government,Mexico, Carretera , Low ,1397,3,350,488950.0,4889.50,484060.50,363220,120840.50,01-10-2014, October ,2014
6473315,Government,France, Carretera , Low ,2155,3,350,754250.0,7542.50,746707.50,560300,186407.50,01-12-2014, December ,2014
6473316,Midmarket,Mexico, Montana , Low ,2214,5,15,33210.0,332.10,32877.90,22140,10737.90,01-03-2014, March ,2014
6473317,Small Business,United States of America, Montana , Low ,2301,5,300,690300.0,6903.00,683397.00,575250,108147.00,01-04-2014, April ,2014
6473318,Government,France, Montana , Low ,1376,5,20,27510.0,275.10,27234.90,13755,13479.90,01-07-2014, July ,2014
6473319,Government,Canada, Montana , Low ,1830,5,7,12810.0,128.10,12681.90,9150,3531.90,01-08-2014, August ,2014
6473320,Small Business,United States of America, Montana , Low ,2498,5,300,749400.0,7494.00,741906.00,624500,117406.00,01-09-2013, September ,2013
6473321,Enterprise,United States of America, Montana , Low ,663,5,125,82875.0,828.75,82046.25,79560,2486.25,01-10-2013, October ,2013
6473322,Midmarket,United States of America, Paseo , Low ,1514,10,15,22710.0,227.10,22482.90,15140,7342.90,01-02-2014, February ,2014
6473323,Government,United States of America, Paseo , Low ,4493,10,7,31447.5,314.48,31133.03,22463,8670.53,01-04-2014, April ,2014
6473324,Enterprise,United States of America, Paseo , Low ,727,10,125,90875.0,908.75,89966.25,87240,2726.25,01-06-2014, June ,2014
6473325,Enterprise,France, Paseo , Low ,787,10,125,98375.0,983.75,97391.25,94440,2951.25,01-06-2014, June ,2014
6473326,Enterprise,Mexico, Paseo , Low ,1823,10,125,227875.0,2278.75,225596.25,218760,6836.25,01-07-2014, July ,2014
6473327,Midmarket,Germany, Paseo , Low ,747,10,15,11205.0,112.05,11092.95,7470,3622.95,01-09-2014, September ,2014
6473328,Channel Partners,Germany, Paseo , Low ,766,10,12,9192.0,91.92,9100.08,2298,6802.08,01-10-2013, October ,2013
6473329,Small Business,United States of America, Paseo , Low ,2905,10,300,871500.0,8715.00,862785.00,726250,136535.00,01-11-2014, November ,2014
6473330,Government,France, Paseo , Low ,2155,10,350,754250.0,7542.50,746707.50,560300,186407.50,01-12-2014, December ,2014
6473331,Government,France, Velo , Low ,3864,120,20,77280.0,772.80,76507.20,38640,37867.20,01-04-2014, April ,2014
6473332,Government,Mexico, Velo , Low ,362,120,7,2534.0,25.34,2508.66,1810,698.66,01-05-2014, May ,2014
6473333,Enterprise,Canada, Velo , Low ,923,120,125,115375.0,1153.75,114221.25,110760,3461.25,01-08-2014, August ,2014
6473334,Enterprise,United States of America, Velo , Low ,663,120,125,82875.0,828.75,82046.25,79560,2486.25,01-10-2013, October ,2013
6473335,Government,Canada, Velo , Low ,2092,120,7,14644.0,146.44,14497.56,10460,4037.56,01-11-2013, November ,2013
6473336,Government,Germany, VTT , Low ,263,250,7,1841.0,18.41,1822.59,1315,507.59,01-03-2014, March ,2014
6473337,Government,Canada, VTT , Low ,944,250,350,330225.0,3302.25,326922.75,245310,81612.75,01-04-2014, April ,2014
6473338,Enterprise,United States of America, VTT , Low ,727,250,125,90875.0,908.75,89966.25,87240,2726.25,01-06-2014, June ,2014
6473339,Enterprise,France, VTT , Low ,787,250,125,98375.0,983.75,97391.25,94440,2951.25,01-06-2014, June ,2014
6473340,Small Business,Germany, VTT , Low ,986,250,300,295800.0,2958.00,292842.00,246500,46342.00,01-09-2014, September ,2014
6473341,Small Business,Mexico, VTT , Low ,494,250,300,148200.0,1482.00,146718.00,123500,23218.00,01-10-2013, October ,2013
6473342,Government,Mexico, VTT , Low ,1397,250,350,488950.0,4889.50,484060.50,363220,120840.50,01-10-2014, October ,2014
6473343,Enterprise,France, VTT , Low ,1744,250,125,218000.0,2180.00,215820.00,209280,6540.00,01-11-2014, November ,2014
6473344,Channel Partners,United States of America, Amarilla , Low ,1989,260,12,23868.0,238.68,23629.32,5967,17662.32,01-09-2013, September ,2013
6473345,Midmarket,France, Amarilla , Low ,321,260,15,4815.0,48.15,4766.85,3210,1556.85,01-11-2013, November ,2013
6473346,Enterprise,Canada, Carretera , Low ,743,3,125,92812.5,1856.25,90956.25,89100,1856.25,01-04-2014, April ,2014
6473347,Channel Partners,Canada, Carretera , Low ,1295,3,12,15540.0,310.80,15229.20,3885,11344.20,01-10-2014, October ,2014
6473348,Small Business,Germany, Carretera , Low ,214,3,300,64200.0,1284.00,62916.00,53500,9416.00,01-10-2013, October ,2013
6473349,Government,France, Carretera , Low ,2145,3,7,15015.0,300.30,14714.70,10725,3989.70,01-11-2013, November ,2013
6473350,Government,Canada, Carretera , Low ,2852,3,350,998200.0,19964.00,978236.00,741520,236716.00,01-12-2014, December ,2014
6473351,Channel Partners,United States of America, Montana , Low ,1142,5,12,13704.0,274.08,13429.92,3426,10003.92,01-06-2014, June ,2014
6473352,Government,United States of America, Montana , Low ,1566,5,20,31320.0,626.40,30693.60,15660,15033.60,01-10-2014, October ,2014
6473353,Channel Partners,Mexico, Montana , Low ,690,5,12,8280.0,165.60,8114.40,2070,6044.40,01-11-2014, November ,2014
6473354,Enterprise,Mexico, Montana , Low ,1660,5,125,207500.0,4150.00,203350.00,199200,4150.00,01-11-2013, November ,2013
6473355,Midmarket,Canada, Paseo , Low ,2363,10,15,35445.0,708.90,34736.10,23630,11106.10,01-02-2014, February ,2014
6473356,Small Business,France, Paseo , Low ,918,10,300,275400.0,5508.00,269892.00,229500,40392.00,01-05-2014, May ,2014
6473357,Small Business,Germany, Paseo , Low ,1728,10,300,518400.0,10368.00,508032.00,432000,76032.00,01-05-2014, May ,2014
6473358,Channel Partners,United States of America, Paseo , Low ,1142,10,12,13704.0,274.08,13429.92,3426,10003.92,01-06-2014, June ,2014
6473359,Enterprise,Mexico, Paseo , Low ,662,10,125,82750.0,1655.00,81095.00,79440,1655.00,01-06-2014, June ,2014
6473360,Channel Partners,Canada, Paseo , Low ,1295,10,12,15540.0,310.80,15229.20,3885,11344.20,01-10-2014, October ,2014
6473361,Enterprise,Germany, Paseo , Low ,809,10,125,101125.0,2022.50,99102.50,97080,2022.50,01-10-2013, October ,2013
6473362,Enterprise,Mexico, Paseo , Low ,2145,10,125,268125.0,5362.50,262762.50,257400,5362.50,01-10-2013, October ,2013
6473363,Channel Partners,France, Paseo , Low ,1785,10,12,21420.0,428.40,20991.60,5355,15636.60,01-11-2013, November ,2013
6473364,Small Business,Canada, Paseo , Low ,1916,10,300,574800.0,11496.00,563304.00,479000,84304.00,01-12-2014, December ,2014
6473365,Government,Canada, Paseo , Low ,2852,10,350,998200.0,19964.00,978236.00,741520,236716.00,01-12-2014, December ,2014
6473366,Enterprise,Canada, Paseo , Low ,2729,10,125,341125.0,6822.50,334302.50,327480,6822.50,01-12-2014, December ,2014
6473367,Midmarket,United States of America, Paseo , Low ,1925,10,15,28875.0,577.50,28297.50,19250,9047.50,01-12-2013, December ,2013
6473368,Government,United States of America, Paseo , Low ,2013,10,7,14091.0,281.82,13809.18,10065,3744.18,01-12-2013, December ,2013
6473369,Channel Partners,France, Paseo , Low ,1055,10,12,12660.0,253.20,12406.80,3165,9241.80,01-12-2014, December ,2014
6473370,Channel Partners,Mexico, Paseo , Low ,1084,10,12,13008.0,260.16,12747.84,3252,9495.84,01-12-2014, December ,2014
6473371,Government,United States of America, Velo , Low ,1566,120,20,31320.0,626.40,30693.60,15660,15033.60,01-10-2014, October ,2014
6473372,Government,Germany, Velo , Low ,2966,120,350,1038100.0,20762.00,1017338.00,771160,246178.00,01-10-2013, October ,2013
6473373,Government,Germany, Velo , Low ,2877,120,350,1006950.0,20139.00,986811.00,748020,238791.00,01-10-2014, October ,2014
6473374,Enterprise,Germany, Velo , Low ,809,120,125,101125.0,2022.50,99102.50,97080,2022.50,01-10-2013, October ,2013
6473375,Enterprise,Mexico, Velo , Low ,2145,120,125,268125.0,5362.50,262762.50,257400,5362.50,01-10-2013, October ,2013
6473376,Channel Partners,France, Velo , Low ,1055,120,12,12660.0,253.20,12406.80,3165,9241.80,01-12-2014, December ,2014
6473377,Government,Mexico, Velo , Low ,544,120,20,10880.0,217.60,10662.40,5440,5222.40,01-12-2013, December ,2013
6473378,Channel Partners,Mexico, Velo , Low ,1084,120,12,13008.0,260.16,12747.84,3252,9495.84,01-12-2014, December ,2014
6473379,Enterprise,Mexico, VTT , Low ,662,250,125,82750.0,1655.00,81095.00,79440,1655.00,01-06-2014, June ,2014
6473380,Small Business,Germany, VTT , Low ,214,250,300,64200.0,1284.00,62916.00,53500,9416.00,01-10-2013, October ,2013
6473381,Government,Germany, VTT , Low ,2877,250,350,1006950.0,20139.00,986811.00,748020,238791.00,01-10-2014, October ,2014
6473382,Enterprise,Canada, VTT , Low ,2729,250,125,341125.0,6822.50,334302.50,327480,6822.50,01-12-2014, December ,2014
6473383,Government,United States of America, VTT , Low ,266,250,350,93100.0,1862.00,91238.00,69160,22078.00,01-12-2013, December ,2013
6473384,Government,Mexico, VTT , Low ,1940,250,350,679000.0,13580.00,665420.00,504400,161020.00,01-12-2013, December ,2013
6473385,Small Business,Germany, Amarilla , Low ,259,260,300,77700.0,1554.00,76146.00,64750,11396.00,01-03-2014, March ,2014
6473386,Small Business,Mexico, Amarilla , Low ,1101,260,300,330300.0,6606.00,323694.00,275250,48444.00,01-03-2014, March ,2014
6473387,Enterprise,Germany, Amarilla , Low ,2276,260,125,284500.0,5690.00,278810.00,273120,5690.00,01-05-2014, May ,2014
6473388,Government,Germany, Amarilla , Low ,2966,260,350,1038100.0,20762.00,1017338.00,771160,246178.00,01-10-2013, October ,2013
6473389,Government,United States of America, Amarilla , Low ,1236,260,20,24720.0,494.40,24225.60,12360,11865.60,01-11-2014, November ,2014
6473390,Government,France, Amarilla , Low ,941,260,20,18820.0,376.40,18443.60,9410,9033.60,01-11-2014, November ,2014
6473391,Small Business,Canada, Amarilla , Low ,1916,260,300,574800.0,11496.00,563304.00,479000,84304.00,01-12-2014, December ,2014
6473392,Enterprise,France, Carretera , Low ,4244,3,125,530437.5,15913.13,514524.38,509220,5304.38,01-04-2014, April ,2014
6473393,Government,Germany, Carretera , Low ,2580,3,20,51600.0,1548.00,50052.00,25800,24252.00,01-04-2014, April ,2014
6473394,Small Business,Germany, Carretera , Low ,689,3,300,206700.0,6201.00,200499.00,172250,28249.00,01-06-2014, June ,2014
6473395,Channel Partners,United States of America, Carretera , Low ,1947,3,12,23364.0,700.92,22663.08,5841,16822.08,01-09-2014, September ,2014
6473396,Channel Partners,Canada, Carretera , Low ,908,3,12,10896.0,326.88,10569.12,2724,7845.12,01-12-2013, December ,2013
6473397,Government,Germany, Montana , Low ,1958,5,7,13706.0,411.18,13294.82,9790,3504.82,01-02-2014, February ,2014
6473398,Channel Partners,France, Montana , Low ,1901,5,12,22812.0,684.36,22127.64,5703,16424.64,01-06-2014, June ,2014
6473399,Government,France, Montana , Low ,544,5,7,3808.0,114.24,3693.76,2720,973.76,01-09-2014, September ,2014
6473400,Government,Germany, Montana , Low ,1797,5,350,628950.0,18868.50,610081.50,467220,142861.50,01-09-2013, September ,2013
6473401,Enterprise,France, Montana , Low ,1287,5,125,160875.0,4826.25,156048.75,154440,1608.75,01-12-2014, December ,2014
6473402,Enterprise,Germany, Montana , Low ,1706,5,125,213250.0,6397.50,206852.50,204720,2132.50,01-12-2014, December ,2014
6473403,Small Business,France, Paseo , Low ,2435,10,300,730350.0,21910.50,708439.50,608625,99814.50,01-01-2014, January ,2014
6473404,Enterprise,Canada, Paseo , Low ,1774,10,125,221750.0,6652.50,215097.50,212880,2217.50,01-03-2014, March ,2014
6473405,Channel Partners,France, Paseo , Low ,1901,10,12,22812.0,684.36,22127.64,5703,16424.64,01-06-2014, June ,2014
6473406,Small Business,Germany, Paseo , Low ,689,10,300,206700.0,6201.00,200499.00,172250,28249.00,01-06-2014, June ,2014
6473407,Enterprise,Germany, Paseo , Low ,1570,10,125,196250.0,5887.50,190362.50,188400,1962.50,01-06-2014, June ,2014
6473408,Channel Partners,United States of America, Paseo , Low ,1370,10,12,16434.0,493.02,15940.98,4109,11832.48,01-07-2014, July ,2014
6473409,Enterprise,Canada, Paseo , Low ,2009,10,125,251125.0,7533.75,243591.25,241080,2511.25,01-10-2014, October ,2014
6473410,Midmarket,Germany, Paseo , Low ,1945,10,15,29175.0,875.25,28299.75,19450,8849.75,01-10-2013, October ,2013
6473411,Enterprise,France, Paseo , Low ,1287,10,125,160875.0,4826.25,156048.75,154440,1608.75,01-12-2014, December ,2014
6473412,Enterprise,Germany, Paseo , Low ,1706,10,125,213250.0,6397.50,206852.50,204720,2132.50,01-12-2014, December ,2014
6473413,Enterprise,Canada, Velo , Low ,2009,120,125,251125.0,7533.75,243591.25,241080,2511.25,01-10-2014, October ,2014
6473414,Small Business,United States of America, VTT , Low ,2844,250,300,853200.0,25596.00,827604.00,711000,116604.00,01-02-2014, February ,2014
6473415,Channel Partners,Mexico, VTT , Low ,1916,250,12,22992.0,689.76,22302.24,5748,16554.24,01-04-2014, April ,2014
6473416,Enterprise,Germany, VTT , Low ,1570,250,125,196250.0,5887.50,190362.50,188400,1962.50,01-06-2014, June ,2014
6473417,Small Business,Canada, VTT , Low ,1874,250,300,562200.0,16866.00,545334.00,468500,76834.00,01-08-2014, August ,2014
6473418,Government,Mexico, VTT , Low ,1642,250,350,574700.0,17241.00,557459.00,426920,130539.00,01-08-2014, August ,2014
6473419,Midmarket,Germany, VTT , Low ,1945,250,15,29175.0,875.25,28299.75,19450,8849.75,01-10-2013, October ,2013
6473420,Government,Canada, Carretera , Low ,831,3,20,16620.0,498.60,16121.40,8310,7811.40,01-05-2014, May ,2014
6473421,Government,Mexico, Paseo , Low ,1760,10,7,12320.0,369.60,11950.40,8800,3150.40,01-09-2013, September ,2013
6473422,Government,Canada, Velo , Low ,3851,120,20,77010.0,2310.30,74699.70,38505,36194.70,01-04-2014, April ,2014
6473423,Channel Partners,Germany, VTT , Low ,2479,250,12,29748.0,892.44,28855.56,7437,21418.56,01-01-2014, January ,2014
6473424,Midmarket,Mexico, Montana , Low ,2031,5,15,30465.0,1218.60,29246.40,20310,8936.40,01-10-2014, October ,2014
6473425,Midmarket,Mexico, Paseo , Low ,2031,10,15,30465.0,1218.60,29246.40,20310,8936.40,01-10-2014, October ,2014
6473426,Midmarket,France, Paseo , Low ,2261,10,15,33915.0,1356.60,32558.40,22610,9948.40,01-12-2013, December ,2013
6473427,Government,United States of America, Velo , Low ,736,120,20,14720.0,588.80,14131.20,7360,6771.20,01-09-2013, September ,2013
6473428,Government,Canada, Carretera , Low ,2851,3,7,19957.0,798.28,19158.72,14255,4903.72,01-10-2013, October ,2013
6473429,Small Business,Germany, Carretera , Low ,2021,3,300,606300.0,24252.00,582048.00,505250,76798.00,01-10-2014, October ,2014
6473430,Government,United States of America, Carretera , Low ,274,3,350,95900.0,3836.00,92064.00,71240,20824.00,01-12-2014, December ,2014
6473431,Midmarket,Canada, Montana , Low ,1967,5,15,29505.0,1180.20,28324.80,19670,8654.80,01-03-2014, March ,2014
6473432,Small Business,Germany, Montana , Low ,1859,5,300,557700.0,22308.00,535392.00,464750,70642.00,01-08-2014, August ,2014
6473433,Government,Canada, Montana , Low ,2851,5,7,19957.0,798.28,19158.72,14255,4903.72,01-10-2013, October ,2013
6473434,Small Business,Germany, Montana , Low ,2021,5,300,606300.0,24252.00,582048.00,505250,76798.00,01-10-2014, October ,2014
6473435,Enterprise,Mexico, Montana , Low ,1138,5,125,142250.0,5690.00,136560.00,136560,0.00,01-12-2014, December ,2014
6473436,Government,Canada, Paseo , Low ,4251,10,7,29757.0,1190.28,28566.72,21255,7311.72,01-01-2014, January ,2014
6473437,Enterprise,Germany, Paseo , Low ,795,10,125,99375.0,3975.00,95400.00,95400,0.00,01-03-2014, March ,2014
6473438,Small Business,Germany, Paseo , Low ,1415,10,300,424350.0,16974.00,407376.00,353625,53751.00,01-04-2014, April ,2014
6473439,Small Business,United States of America, Paseo , Low ,2918,10,300,875400.0,35016.00,840384.00,729500,110884.00,01-05-2014, May ,2014
6473440,Government,United States of America, Paseo , Low ,3450,10,350,1207500.0,48300.00,1159200.00,897000,262200.00,01-07-2014, July ,2014
6473441,Enterprise,France, Paseo , Low ,2988,10,125,373500.0,14940.00,358560.00,358560,0.00,01-07-2014, July ,2014
6473442,Midmarket,Canada, Paseo , Low ,218,10,15,3270.0,130.80,3139.20,2180,959.20,01-09-2014, September ,2014
6473443,Government,Canada, Paseo , Low ,2074,10,20,41480.0,1659.20,39820.80,20740,19080.80,01-09-2014, September ,2014
6473444,Government,United States of America, Paseo , Low ,1056,10,20,21120.0,844.80,20275.20,10560,9715.20,01-09-2014, September ,2014
6473445,Midmarket,United States of America, Paseo , Low ,671,10,15,10065.0,402.60,9662.40,6710,2952.40,01-10-2013, October ,2013
6473446,Midmarket,Mexico, Paseo , Low ,1514,10,15,22710.0,908.40,21801.60,15140,6661.60,01-10-2013, October ,2013
6473447,Government,United States of America, Paseo , Low ,274,10,350,95900.0,3836.00,92064.00,71240,20824.00,01-12-2014, December ,2014
6473448,Enterprise,Mexico, Paseo , Low ,1138,10,125,142250.0,5690.00,136560.00,136560,0.00,01-12-2014, December ,2014
6473449,Channel Partners,United States of America, Velo , Low ,1465,120,12,17580.0,703.20,16876.80,4395,12481.80,01-03-2014, March ,2014
6473450,Government,Canada, Velo , Low ,2646,120,20,52920.0,2116.80,50803.20,26460,24343.20,01-09-2013, September ,2013
6473451,Government,France, Velo , Low ,2177,120,350,761950.0,30478.00,731472.00,566020,165452.00,01-10-2014, October ,2014
6473452,Channel Partners,France, VTT , Low ,866,250,12,10392.0,415.68,9976.32,2598,7378.32,01-05-2014, May ,2014
6473453,Government,United States of America, VTT , Low ,349,250,350,122150.0,4886.00,117264.00,90740,26524.00,01-09-2013, September ,2013
6473454,Government,France, VTT , Low ,2177,250,350,761950.0,30478.00,731472.00,566020,165452.00,01-10-2014, October ,2014
6473455,Midmarket,Mexico, VTT , Low ,1514,250,15,22710.0,908.40,21801.60,15140,6661.60,01-10-2013, October ,2013
6473456,Government,Mexico, Amarilla , Low ,1865,260,350,652750.0,26110.00,626640.00,484900,141740.00,01-02-2014, February ,2014
6473457,Enterprise,Mexico, Amarilla , Low ,1074,260,125,134250.0,5370.00,128880.00,128880,0.00,01-04-2014, April ,2014
6473458,Government,Germany, Amarilla , Low ,1907,260,350,667450.0,26698.00,640752.00,495820,144932.00,01-09-2014, September ,2014
6473459,Midmarket,United States of America, Amarilla , Low ,671,260,15,10065.0,402.60,9662.40,6710,2952.40,01-10-2013, October ,2013
6473460,Government,Canada, Amarilla , Low ,1778,260,350,622300.0,24892.00,597408.00,462280,135128.00,01-12-2013, December ,2013
6473461,Government,Germany, Montana , Medium ,1159,5,7,8113.0,405.65,7707.35,5795,1912.35,01-10-2013, October ,2013
6473462,Government,Germany, Paseo , Medium ,1372,10,7,9604.0,480.20,9123.80,6860,2263.80,01-01-2014, January ,2014
6473463,Government,Canada, Paseo , Medium ,2349,10,7,16443.0,822.15,15620.85,11745,3875.85,01-09-2013, September ,2013
6473464,Government,Mexico, Paseo , Medium ,2689,10,7,18823.0,941.15,17881.85,13445,4436.85,01-10-2014, October ,2014
6473465,Channel Partners,Canada, Paseo , Medium ,2431,10,12,29172.0,1458.60,27713.40,7293,20420.40,01-12-2014, December ,2014
6473466,Channel Partners,Canada, Velo , Medium ,2431,120,12,29172.0,1458.60,27713.40,7293,20420.40,01-12-2014, December ,2014
6473467,Government,Mexico, VTT , Medium ,2689,250,7,18823.0,941.15,17881.85,13445,4436.85,01-10-2014, October ,2014
6473468,Government,Mexico, Amarilla , Medium ,1683,260,7,11781.0,589.05,11191.95,8415,2776.95,01-07-2014, July ,2014
6473469,Channel Partners,Mexico, Amarilla , Medium ,1123,260,12,13476.0,673.80,12802.20,3369,9433.20,01-08-2014, August ,2014
6473470,Government,Germany, Amarilla , Medium ,1159,260,7,8113.0,405.65,7707.35,5795,1912.35,01-10-2013, October ,2013
6473471,Channel Partners,France, Carretera , Medium ,1865,3,12,22380.0,1119.00,21261.00,5595,15666.00,01-02-2014, February ,2014
6473472,Channel Partners,Germany, Carretera , Medium ,1116,3,12,13392.0,669.60,12722.40,3348,9374.40,01-02-2014, February ,2014
6473473,Government,France, Carretera , Medium ,1563,3,20,31260.0,1563.00,29697.00,15630,14067.00,01-05-2014, May ,2014
6473474,Small Business,United States of America, Carretera , Medium ,991,3,300,297300.0,14865.00,282435.00,247750,34685.00,01-06-2014, June ,2014
6473475,Government,Germany, Carretera , Medium ,1016,3,7,7112.0,355.60,6756.40,5080,1676.40,01-11-2013, November ,2013
6473476,Midmarket,Mexico, Carretera , Medium ,2791,3,15,41865.0,2093.25,39771.75,27910,11861.75,01-11-2014, November ,2014
6473477,Government,United States of America, Carretera , Medium ,570,3,7,3990.0,199.50,3790.50,2850,940.50,01-12-2014, December ,2014
6473478,Government,France, Carretera , Medium ,2487,3,7,17409.0,870.45,16538.55,12435,4103.55,01-12-2014, December ,2014
6473479,Government,France, Montana , Medium ,1385,5,350,484575.0,24228.75,460346.25,359970,100376.25,01-01-2014, January ,2014
6473480,Enterprise,United States of America, Montana , Medium ,3627,5,125,453375.0,22668.75,430706.25,435240,-4533.75,01-07-2014, July ,2014
6473481,Government,Mexico, Montana , Medium ,720,5,350,252000.0,12600.00,239400.00,187200,52200.00,01-09-2013, September ,2013
6473482,Channel Partners,Germany, Montana , Medium ,2342,5,12,28104.0,1405.20,26698.80,7026,19672.80,01-11-2014, November ,2014
6473483,Small Business,Mexico, Montana , Medium ,1100,5,300,330000.0,16500.00,313500.00,275000,38500.00,01-12-2013, December ,2013
6473484,Government,France, Paseo , Medium ,1303,10,20,26060.0,1303.00,24757.00,13030,11727.00,01-02-2014, February ,2014
6473485,Enterprise,United States of America, Paseo , Medium ,2992,10,125,374000.0,18700.00,355300.00,359040,-374.00,01-03-2014, March ,2014
6473486,Enterprise,France, Paseo , Medium ,2385,10,125,298125.0,14906.25,283218.75,286200,-2981.25,01-03-2014, March ,2014
6473487,Small Business,Mexico, Paseo , Medium ,1607,10,300,482100.0,24105.00,457995.00,401750,56245.00,01-04-2014, April ,2014
6473488,Government,United States of America, Paseo , Medium ,2327,10,7,16289.0,814.45,15474.55,11635,3839.55,01-05-2014, May ,2014
6473489,Small Business,United States of America, Paseo , Medium ,991,10,300,297300.0,14865.00,282435.00,247750,34685.00,01-06-2014, June ,2014
6473490,Government,United States of America, Paseo , Medium ,602,10,350,210700.0,10535.00,200165.00,156520,43645.00,01-06-2014, June ,2014
6473491,Midmarket,France, Paseo , Medium ,2620,10,15,39300.0,1965.00,37335.00,26200,11135.00,01-09-2014, September ,2014
6473492,Government,Canada, Paseo , Medium ,1228,10,350,429800.0,21490.00,408310.00,319280,89030.00,01-10-2013, October ,2013
6473493,Government,Canada, Paseo , Medium ,1389,10,20,27780.0,1389.00,26391.00,13890,12501.00,01-10-2013, October ,2013
6473494,Enterprise,United States of America, Paseo , Medium ,861,10,125,107625.0,5381.25,102243.75,103320,-1076.25,01-10-2014, October ,2014
6473495,Enterprise,France, Paseo , Medium ,704,10,125,88000.0,4400.00,83600.00,84480,-88.00,01-10-2013, October ,2013
6473496,Government,Canada, Paseo , Medium ,1802,10,20,36040.0,1802.00,34238.00,18020,16218.00,01-12-2013, December ,2013
6473497,Government,United States of America, Paseo , Medium ,2663,10,20,53260.0,2663.00,50597.00,26630,23967.00,01-12-2014, December ,2014
6473498,Government,France, Paseo , Medium ,2136,10,7,14952.0,747.60,14204.40,10680,3524.40,01-12-2013, December ,2013
6473499,Midmarket,Germany, Paseo , Medium ,2116,10,15,31740.0,1587.00,30153.00,21160,8993.00,01-12-2013, December ,2013
6473500,Midmarket,United States of America, Velo , Medium ,555,120,15,8325.0,416.25,7908.75,5550,2358.75,01-01-2014, January ,2014
6473501,Midmarket,Mexico, Velo , Medium ,2861,120,15,42915.0,2145.75,40769.25,28610,12159.25,01-01-2014, January ,2014
6473502,Enterprise,Germany, Velo , Medium ,807,120,125,100875.0,5043.75,95831.25,96840,-1008.75,01-02-2014, February ,2014
6473503,Government,United States of America, Velo , Medium ,602,120,350,210700.0,10535.00,200165.00,156520,43645.00,01-06-2014, June ,2014
6473504,Government,United States of America, Velo , Medium ,2832,120,20,56640.0,2832.00,53808.00,28320,25488.00,01-08-2014, August ,2014
6473505,Government,France, Velo , Medium ,1579,120,20,31580.0,1579.00,30001.00,15790,14211.00,01-08-2014, August ,2014
6473506,Enterprise,United States of America, Velo , Medium ,861,120,125,107625.0,5381.25,102243.75,103320,-1076.25,01-10-2014, October ,2014
6473507,Enterprise,France, Velo , Medium ,704,120,125,88000.0,4400.00,83600.00,84480,-88.00,01-10-2013, October ,2013
6473508,Government,France, Velo , Medium ,1033,120,20,20660.0,1033.00,19627.00,10330,9297.00,01-12-2013, December ,2013
6473509,Small Business,Germany, Velo , Medium ,1250,120,300,375000.0,18750.00,356250.00,312500,43750.00,01-12-2014, December ,2014
6473510,Government,Canada, VTT , Medium ,1389,250,20,27780.0,1389.00,26391.00,13890,12501.00,01-10-2013, October ,2013
6473511,Government,United States of America, VTT , Medium ,1265,250,20,25300.0,1265.00,24035.00,12650,11385.00,01-11-2013, November ,2013
6473512,Government,Germany, VTT , Medium ,2297,250,20,45940.0,2297.00,43643.00,22970,20673.00,01-11-2013, November ,2013
6473513,Government,United States of America, VTT , Medium ,2663,250,20,53260.0,2663.00,50597.00,26630,23967.00,01-12-2014, December ,2014
6473514,Government,United States of America, VTT , Medium ,570,250,7,3990.0,199.50,3790.50,2850,940.50,01-12-2014, December ,2014
6473515,Government,France, VTT , Medium ,2487,250,7,17409.0,870.45,16538.55,12435,4103.55,01-12-2014, December ,2014
6473516,Government,Germany, Amarilla , Medium ,1350,260,350,472500.0,23625.00,448875.00,351000,97875.00,01-02-2014, February ,2014
6473517,Government,Canada, Amarilla , Medium ,552,260,350,193200.0,9660.00,183540.00,143520,40020.00,01-08-2014, August ,2014
6473518,Government,Canada, Amarilla , Medium ,1228,260,350,429800.0,21490.00,408310.00,319280,89030.00,01-10-2013, October ,2013
6473519,Small Business,Germany, Amarilla , Medium ,1250,260,300,375000.0,18750.00,356250.00,312500,43750.00,01-12-2014, December ,2014
6473520,Midmarket,France, Paseo , Medium ,3801,10,15,57015.0,3420.90,53594.10,38010,15584.10,01-04-2014, April ,2014
6473521,Government,United States of America, Carretera , Medium ,1118,3,20,22350.0,1341.00,21009.00,11175,9834.00,01-01-2014, January ,2014
6473522,Midmarket,Canada, Carretera , Medium ,2844,3,15,42660.0,2559.60,40100.40,28440,11660.40,01-06-2014, June ,2014
6473523,Channel Partners,Mexico, Carretera , Medium ,562,3,12,6744.0,404.64,6339.36,1686,4653.36,01-09-2014, September ,2014
6473524,Channel Partners,Canada, Carretera , Medium ,2299,3,12,27588.0,1655.28,25932.72,6897,19035.72,01-10-2013, October ,2013
6473525,Midmarket,United States of America, Carretera , Medium ,2030,3,15,30450.0,1827.00,28623.00,20300,8323.00,01-11-2014, November ,2014
6473526,Government,United States of America, Carretera , Medium ,263,3,7,1841.0,110.46,1730.54,1315,415.54,01-11-2013, November ,2013
6473527,Enterprise,Germany, Carretera , Medium ,887,3,125,110875.0,6652.50,104222.50,106440,-2217.50,01-12-2013, December ,2013
6473528,Government,Mexico, Montana , Medium ,980,5,350,343000.0,20580.00,322420.00,254800,67620.00,01-04-2014, April ,2014
6473529,Government,Germany, Montana , Medium ,1460,5,350,511000.0,30660.00,480340.00,379600,100740.00,01-05-2014, May ,2014
6473530,Government,France, Montana , Medium ,1403,5,7,9821.0,589.26,9231.74,7015,2216.74,01-10-2013, October ,2013
6473531,Channel Partners,United States of America, Montana , Medium ,2723,5,12,32676.0,1960.56,30715.44,8169,22546.44,01-11-2014, November ,2014
6473532,Government,France, Paseo , Medium ,1496,10,350,523600.0,31416.00,492184.00,388960,103224.00,01-06-2014, June ,2014
6473533,Channel Partners,Canada, Paseo , Medium ,2299,10,12,27588.0,1655.28,25932.72,6897,19035.72,01-10-2013, October ,2013
6473534,Government,United States of America, Paseo , Medium ,727,10,350,254450.0,15267.00,239183.00,189020,50163.00,01-10-2013, October ,2013
6473535,Enterprise,Canada, Velo , Medium ,952,120,125,119000.0,7140.00,111860.00,114240,-238.00,01-02-2014, February ,2014
6473536,Enterprise,United States of America, Velo , Medium ,2755,120,125,344375.0,20662.50,323712.50,330600,-6887.50,01-02-2014, February ,2014
6473537,Midmarket,Germany, Velo , Medium ,1530,120,15,22950.0,1377.00,21573.00,15300,6273.00,01-05-2014, May ,2014
6473538,Government,France, Velo , Medium ,1496,120,350,523600.0,31416.00,492184.00,388960,103224.00,01-06-2014, June ,2014
6473539,Government,Mexico, Velo , Medium ,1498,120,7,10486.0,629.16,9856.84,7490,2366.84,01-06-2014, June ,2014
6473540,Small Business,France, Velo , Medium ,1221,120,300,366300.0,21978.00,344322.00,305250,39072.00,01-10-2013, October ,2013
6473541,Government,France, Velo , Medium ,2076,120,350,726600.0,43596.00,683004.00,539760,143244.00,01-10-2013, October ,2013
6473542,Midmarket,Canada, VTT , Medium ,2844,250,15,42660.0,2559.60,40100.40,28440,11660.40,01-06-2014, June ,2014
6473543,Government,Mexico, VTT , Medium ,1498,250,7,10486.0,629.16,9856.84,7490,2366.84,01-06-2014, June ,2014
6473544,Small Business,France, VTT , Medium ,1221,250,300,366300.0,21978.00,344322.00,305250,39072.00,01-10-2013, October ,2013
6473545,Government,Mexico, VTT , Medium ,1123,250,20,22460.0,1347.60,21112.40,11230,9882.40,01-11-2013, November ,2013
6473546,Small Business,Canada, VTT , Medium ,2436,250,300,730800.0,43848.00,686952.00,609000,77952.00,01-12-2013, December ,2013
6473547,Enterprise,France, Amarilla , Medium ,1988,260,125,248437.5,14906.25,233531.25,238500,-4968.75,01-01-2014, January ,2014
6473548,Government,Mexico, Amarilla , Medium ,1679,260,350,587650.0,35259.00,552391.00,436540,115851.00,01-09-2014, September ,2014
6473549,Government,United States of America, Amarilla , Medium ,727,260,350,254450.0,15267.00,239183.00,189020,50163.00,01-10-2013, October ,2013
6473550,Government,France, Amarilla , Medium ,1403,260,7,9821.0,589.26,9231.74,7015,2216.74,01-10-2013, October ,2013
6473551,Government,France, Amarilla , Medium ,2076,260,350,726600.0,43596.00,683004.00,539760,143244.00,01-10-2013, October ,2013
6473552,Government,France, Montana , Medium ,1757,5,20,35140.0,2108.40,33031.60,17570,15461.60,01-10-2013, October ,2013
6473553,Midmarket,United States of America, Paseo , Medium ,2198,10,15,32970.0,1978.20,30991.80,21980,9011.80,01-08-2014, August ,2014
6473554,Midmarket,Germany, Paseo , Medium ,1743,10,15,26145.0,1568.70,24576.30,17430,7146.30,01-08-2014, August ,2014
6473555,Midmarket,United States of America, Paseo , Medium ,1153,10,15,17295.0,1037.70,16257.30,11530,4727.30,01-10-2014, October ,2014
6473556,Government,France, Paseo , Medium ,1757,10,20,35140.0,2108.40,33031.60,17570,15461.60,01-10-2013, October ,2013
6473557,Government,Germany, Velo , Medium ,1001,120,20,20020.0,1201.20,18818.80,10010,8808.80,01-08-2014, August ,2014
6473558,Government,Mexico, Velo , Medium ,1333,120,7,9331.0,559.86,8771.14,6665,2106.14,01-11-2014, November ,2014
6473559,Midmarket,United States of America, VTT , Medium ,1153,250,15,17295.0,1037.70,16257.30,11530,4727.30,01-10-2014, October ,2014
6473560,Channel Partners,Mexico, Carretera , Medium ,727,3,12,8724.0,610.68,8113.32,2181,5932.32,01-02-2014, February ,2014
6473561,Channel Partners,Canada, Carretera , Medium ,1884,3,12,22608.0,1582.56,21025.44,5652,15373.44,01-08-2014, August ,2014
6473562,Government,Mexico, Carretera , Medium ,1834,3,20,36680.0,2567.60,34112.40,18340,15772.40,01-09-2013, September ,2013
6473563,Channel Partners,Mexico, Montana , Medium ,2340,5,12,28080.0,1965.60,26114.40,7020,19094.40,01-01-2014, January ,2014
6473564,Channel Partners,France, Montana , Medium ,2342,5,12,28104.0,1967.28,26136.72,7026,19110.72,01-11-2014, November ,2014
6473565,Government,France, Paseo , Medium ,1031,10,7,7217.0,505.19,6711.81,5155,1556.81,01-09-2013, September ,2013
6473566,Midmarket,Canada, Velo , Medium ,1262,120,15,18930.0,1325.10,17604.90,12620,4984.90,01-05-2014, May ,2014
6473567,Government,Canada, Velo , Medium ,1135,120,7,7945.0,556.15,7388.85,5675,1713.85,01-06-2014, June ,2014
6473568,Government,United States of America, Velo , Medium ,547,120,7,3829.0,268.03,3560.97,2735,825.97,01-11-2014, November ,2014
6473569,Government,Canada, Velo , Medium ,1582,120,7,11074.0,775.18,10298.82,7910,2388.82,01-12-2014, December ,2014
6473570,Channel Partners,France, VTT , Medium ,1739,250,12,20862.0,1460.34,19401.66,5216,14186.16,01-04-2014, April ,2014
6473571,Channel Partners,Germany, VTT , Medium ,2215,250,12,26580.0,1860.60,24719.40,6645,18074.40,01-09-2013, September ,2013
6473572,Government,Canada, VTT , Medium ,1582,250,7,11074.0,775.18,10298.82,7910,2388.82,01-12-2014, December ,2014
6473573,Government,Canada, Amarilla , Medium ,1135,260,7,7945.0,556.15,7388.85,5675,1713.85,01-06-2014, June ,2014
6473574,Government,United States of America, Carretera , Medium ,1761,3,350,616350.0,43144.50,573205.50,457860,115345.50,01-03-2014, March ,2014
6473575,Small Business,France, Carretera , Medium ,448,3,300,134400.0,9408.00,124992.00,112000,12992.00,01-06-2014, June ,2014
6473576,Small Business,France, Carretera , Medium ,2181,3,300,654300.0,45801.00,608499.00,545250,63249.00,01-10-2014, October ,2014
6473577,Government,France, Montana , Medium ,1976,5,20,39520.0,2766.40,36753.60,19760,16993.60,01-10-2014, October ,2014
6473578,Small Business,France, Montana , Medium ,2181,5,300,654300.0,45801.00,608499.00,545250,63249.00,01-10-2014, October ,2014
6473579,Enterprise,Germany, Montana , Medium ,2500,5,125,312500.0,21875.00,290625.00,300000,-9375.00,01-11-2013, November ,2013
6473580,Small Business,Canada, Paseo , Medium ,1702,10,300,510600.0,35742.00,474858.00,425500,49358.00,01-05-2014, May ,2014
6473581,Small Business,France, Paseo , Medium ,448,10,300,134400.0,9408.00,124992.00,112000,12992.00,01-06-2014, June ,2014
6473582,Enterprise,Germany, Paseo , Medium ,3513,10,125,439125.0,30738.75,408386.25,421560,-13173.75,01-07-2014, July ,2014
6473583,Midmarket,France, Paseo , Medium ,2101,10,15,31515.0,2206.05,29308.95,21010,8298.95,01-08-2014, August ,2014
6473584,Midmarket,United States of America, Paseo , Medium ,2931,10,15,43965.0,3077.55,40887.45,29310,11577.45,01-09-2013, September ,2013
6473585,Government,France, Paseo , Medium ,1535,10,20,30700.0,2149.00,28551.00,15350,13201.00,01-09-2014, September ,2014
6473586,Small Business,Germany, Paseo , Medium ,1123,10,300,336900.0,23583.00,313317.00,280750,32567.00,01-09-2013, September ,2013
6473587,Small Business,Canada, Paseo , Medium ,1404,10,300,421200.0,29484.00,391716.00,351000,40716.00,01-11-2013, November ,2013
6473588,Channel Partners,Mexico, Paseo , Medium ,2763,10,12,33156.0,2320.92,30835.08,8289,22546.08,01-11-2013, November ,2013
6473589,Government,Germany, Paseo , Medium ,2125,10,7,14875.0,1041.25,13833.75,10625,3208.75,01-12-2013, December ,2013
6473590,Small Business,France, Velo , Medium ,1659,120,300,497700.0,34839.00,462861.00,414750,48111.00,01-07-2014, July ,2014
6473591,Government,Mexico, Velo , Medium ,609,120,20,12180.0,852.60,11327.40,6090,5237.40,01-08-2014, August ,2014
6473592,Enterprise,Germany, Velo , Medium ,2087,120,125,260875.0,18261.25,242613.75,250440,-7826.25,01-09-2014, September ,2014
6473593,Government,France, Velo , Medium ,1976,120,20,39520.0,2766.40,36753.60,19760,16993.60,01-10-2014, October ,2014
6473594,Government,United States of America, Velo , Medium ,1421,120,20,28420.0,1989.40,26430.60,14210,12220.60,01-12-2013, December ,2013
6473595,Small Business,United States of America, Velo , Medium ,1372,120,300,411600.0,28812.00,382788.00,343000,39788.00,01-12-2014, December ,2014
6473596,Government,Germany, Velo , Medium ,588,120,20,11760.0,823.20,10936.80,5880,5056.80,01-12-2013, December ,2013
6473597,Channel Partners,Canada, VTT , Medium ,3245,250,12,38934.0,2725.38,36208.62,9734,26475.12,01-01-2014, January ,2014
6473598,Small Business,France, VTT , Medium ,959,250,300,287700.0,20139.00,267561.00,239750,27811.00,01-02-2014, February ,2014
6473599,Small Business,Mexico, VTT , Medium ,2747,250,300,824100.0,57687.00,766413.00,686750,79663.00,01-02-2014, February ,2014
6473600,Enterprise,Canada, Amarilla , Medium ,1645,260,125,205625.0,14393.75,191231.25,197400,-6168.75,01-05-2014, May ,2014
6473601,Government,France, Amarilla , Medium ,2876,260,350,1006600.0,70462.00,936138.00,747760,188378.00,01-09-2014, September ,2014
6473602,Enterprise,Germany, Amarilla , Medium ,994,260,125,124250.0,8697.50,115552.50,119280,-3727.50,01-09-2013, September ,2013
6473603,Government,Canada, Amarilla , Medium ,1118,260,20,22360.0,1565.20,20794.80,11180,9614.80,01-11-2014, November ,2014
6473604,Small Business,United States of America, Amarilla , Medium ,1372,260,300,411600.0,28812.00,382788.00,343000,39788.00,01-12-2014, December ,2014
6473605,Government,Canada, Montana , Medium ,488,5,7,3416.0,273.28,3142.72,2440,702.72,01-02-2014, February ,2014
6473606,Government,United States of America, Montana , Medium ,1282,5,20,25640.0,2051.20,23588.80,12820,10768.80,01-06-2014, June ,2014
6473607,Government,Canada, Paseo , Medium ,257,10,7,1799.0,143.92,1655.08,1285,370.08,01-05-2014, May ,2014
6473608,Government,United States of America, Amarilla , Medium ,1282,260,20,25640.0,2051.20,23588.80,12820,10768.80,01-06-2014, June ,2014
6473609,Enterprise,Mexico, Carretera , Medium ,1540,3,125,192500.0,15400.00,177100.00,184800,-77.00,01-08-2014, August ,2014
6473610,Midmarket,France, Carretera , Medium ,490,3,15,7350.0,588.00,6762.00,4900,1862.00,01-11-2014, November ,2014
6473611,Government,Mexico, Carretera , Medium ,1362,3,350,476700.0,38136.00,438564.00,354120,84444.00,01-12-2014, December ,2014
6473612,Midmarket,France, Montana , Medium ,2501,5,15,37515.0,3001.20,34513.80,25010,9503.80,01-03-2014, March ,2014
6473613,Government,Canada, Montana , Medium ,708,5,20,14160.0,1132.80,13027.20,7080,5947.20,01-06-2014, June ,2014
6473614,Government,Germany, Montana , Medium ,645,5,20,12900.0,1032.00,11868.00,6450,5418.00,01-07-2014, July ,2014
6473615,Small Business,France, Montana , Medium ,1562,5,300,468600.0,37488.00,431112.00,390500,40612.00,01-08-2014, August ,2014
6473616,Small Business,Canada, Montana , Medium ,1283,5,300,384900.0,30792.00,354108.00,320750,33358.00,01-09-2013, September ,2013
6473617,Midmarket,Germany, Montana , Medium ,711,5,15,10665.0,853.20,9811.80,7110,2701.80,01-12-2014, December ,2014
6473618,Enterprise,Mexico, Paseo , Medium ,1114,10,125,139250.0,11140.00,128110.00,133680,-557.00,01-03-2014, March ,2014
6473619,Government,Germany, Paseo , Medium ,1259,10,7,8813.0,705.04,8107.96,6295,1812.96,01-04-2014, April ,2014
6473620,Government,Germany, Paseo , Medium ,1095,10,7,7665.0,613.20,7051.80,5475,1576.80,01-05-2014, May ,2014
6473621,Government,Germany, Paseo , Medium ,1366,10,20,27320.0,2185.60,25134.40,13660,11474.40,01-06-2014, June ,2014
6473622,Small Business,Mexico, Paseo , Medium ,2460,10,300,738000.0,59040.00,678960.00,615000,63960.00,01-06-2014, June ,2014
6473623,Government,United States of America, Paseo , Medium ,678,10,7,4746.0,379.68,4366.32,3390,976.32,01-08-2014, August ,2014
6473624,Government,Germany, Paseo , Medium ,1598,10,7,11186.0,894.88,10291.12,7990,2301.12,01-08-2014, August ,2014
6473625,Government,Germany, Paseo , Medium ,2409,10,7,16863.0,1349.04,15513.96,12045,3468.96,01-09-2013, September ,2013
6473626,Government,Germany, Paseo , Medium ,1934,10,20,38680.0,3094.40,35585.60,19340,16245.60,01-09-2014, September ,2014
6473627,Government,Mexico, Paseo , Medium ,2993,10,20,59860.0,4788.80,55071.20,29930,25141.20,01-09-2014, September ,2014
6473628,Government,Germany, Paseo , Medium ,2146,10,350,751100.0,60088.00,691012.00,557960,133052.00,01-11-2013, November ,2013
6473629,Government,Mexico, Paseo , Medium ,1946,10,7,13622.0,1089.76,12532.24,9730,2802.24,01-12-2013, December ,2013
6473630,Government,Mexico, Paseo , Medium ,1362,10,350,476700.0,38136.00,438564.00,354120,84444.00,01-12-2014, December ,2014
6473631,Channel Partners,Canada, Velo , Medium ,598,120,12,7176.0,574.08,6601.92,1794,4807.92,01-03-2014, March ,2014
6473632,Government,United States of America, Velo , Medium ,2907,120,7,20349.0,1627.92,18721.08,14535,4186.08,01-06-2014, June ,2014
6473633,Government,Germany, Velo , Medium ,2338,120,7,16366.0,1309.28,15056.72,11690,3366.72,01-06-2014, June ,2014
6473634,Small Business,France, Velo , Medium ,386,120,300,115800.0,9264.00,106536.00,96500,10036.00,01-11-2013, November ,2013
6473635,Small Business,Mexico, Velo , Medium ,635,120,300,190500.0,15240.00,175260.00,158750,16510.00,01-12-2014, December ,2014
6473636,Government,France, VTT , Medium ,575,250,350,201075.0,16086.00,184989.00,149370,35619.00,01-04-2014, April ,2014
6473637,Government,Germany, VTT , Medium ,2338,250,7,16366.0,1309.28,15056.72,11690,3366.72,01-06-2014, June ,2014
6473638,Government,France, VTT , Medium ,381,250,350,133350.0,10668.00,122682.00,99060,23622.00,01-08-2014, August ,2014
6473639,Government,Germany, VTT , Medium ,422,250,350,147700.0,11816.00,135884.00,109720,26164.00,01-08-2014, August ,2014
6473640,Small Business,Canada, VTT , Medium ,2134,250,300,640200.0,51216.00,588984.00,533500,55484.00,01-09-2014, September ,2014
6473641,Small Business,United States of America, VTT , Medium ,808,250,300,242400.0,19392.00,223008.00,202000,21008.00,01-12-2013, December ,2013
6473642,Government,Canada, Amarilla , Medium ,708,260,20,14160.0,1132.80,13027.20,7080,5947.20,01-06-2014, June ,2014
6473643,Government,United States of America, Amarilla , Medium ,2907,260,7,20349.0,1627.92,18721.08,14535,4186.08,01-06-2014, June ,2014
6473644,Government,Germany, Amarilla , Medium ,1366,260,20,27320.0,2185.60,25134.40,13660,11474.40,01-06-2014, June ,2014
6473645,Small Business,Mexico, Amarilla , Medium ,2460,260,300,738000.0,59040.00,678960.00,615000,63960.00,01-06-2014, June ,2014
6473646,Government,Germany, Amarilla , Medium ,1520,260,20,30400.0,2432.00,27968.00,15200,12768.00,01-11-2014, November ,2014
6473647,Midmarket,Germany, Amarilla , Medium ,711,260,15,10665.0,853.20,9811.80,7110,2701.80,01-12-2014, December ,2014
6473648,Channel Partners,Mexico, Amarilla , Medium ,1375,260,12,16500.0,1320.00,15180.00,4125,11055.00,01-12-2013, December ,2013
6473649,Small Business,Mexico, Amarilla , Medium ,635,260,300,190500.0,15240.00,175260.00,158750,16510.00,01-12-2014, December ,2014
6473650,Government,United States of America, VTT , Medium ,437,250,20,8730.0,698.40,8031.60,4365,3666.60,01-07-2014, July ,2014
6473651,Small Business,Canada, Carretera , Medium ,1094,3,300,328200.0,29538.00,298662.00,273500,25162.00,01-06-2014, June ,2014
6473652,Channel Partners,Mexico, Carretera , Medium ,367,3,12,4404.0,396.36,4007.64,1101,2906.64,01-10-2013, October ,2013
6473653,Small Business,Canada, Montana , Medium ,3803,5,300,1140750.0,102667.50,1038082.50,950625,87457.50,01-04-2014, April ,2014
6473654,Government,France, Montana , Medium ,1666,5,350,583100.0,52479.00,530621.00,433160,97461.00,01-05-2014, May ,2014
6473655,Small Business,France, Montana , Medium ,322,5,300,96600.0,8694.00,87906.00,80500,7406.00,01-09-2013, September ,2013
6473656,Channel Partners,Canada, Montana , Medium ,2321,5,12,27852.0,2506.68,25345.32,6963,18382.32,01-11-2014, November ,2014
6473657,Enterprise,France, Montana , Medium ,1857,5,125,232125.0,20891.25,211233.75,222840,-11606.25,01-11-2013, November ,2013
6473658,Government,Canada, Montana , Medium ,1611,5,7,11277.0,1014.93,10262.07,8055,2207.07,01-12-2013, December ,2013
6473659,Enterprise,United States of America, Montana , Medium ,2797,5,125,349625.0,31466.25,318158.75,335640,-17481.25,01-12-2014, December ,2014
6473660,Small Business,Germany, Montana , Medium ,334,5,300,100200.0,9018.00,91182.00,83500,7682.00,01-12-2013, December ,2013
6473661,Small Business,Mexico, Paseo , Medium ,2565,10,300,769500.0,69255.00,700245.00,641250,58995.00,01-01-2014, January ,2014
6473662,Government,Mexico, Paseo , Medium ,2417,10,350,845950.0,76135.50,769814.50,628420,141394.50,01-01-2014, January ,2014
6473663,Midmarket,United States of America, Paseo , Medium ,3675,10,15,55125.0,4961.25,50163.75,36750,13413.75,01-04-2014, April ,2014
6473664,Small Business,Canada, Paseo , Medium ,1094,10,300,328200.0,29538.00,298662.00,273500,25162.00,01-06-2014, June ,2014
6473665,Midmarket,France, Paseo , Medium ,1227,10,15,18405.0,1656.45,16748.55,12270,4478.55,01-10-2014, October ,2014
6473666,Channel Partners,Mexico, Paseo , Medium ,367,10,12,4404.0,396.36,4007.64,1101,2906.64,01-10-2013, October ,2013
6473667,Small Business,France, Paseo , Medium ,1324,10,300,397200.0,35748.00,361452.00,331000,30452.00,01-11-2014, November ,2014
6473668,Channel Partners,Germany, Paseo , Medium ,1775,10,12,21300.0,1917.00,19383.00,5325,14058.00,01-11-2013, November ,2013
6473669,Enterprise,United States of America, Paseo , Medium ,2797,10,125,349625.0,31466.25,318158.75,335640,-17481.25,01-12-2014, December ,2014
6473670,Midmarket,Mexico, Velo , Medium ,245,120,15,3675.0,330.75,3344.25,2450,894.25,01-05-2014, May ,2014
6473671,Small Business,Canada, Velo , Medium ,3794,120,300,1138050.0,102424.50,1035625.50,948375,87250.50,01-07-2014, July ,2014
6473672,Government,Germany, Velo , Medium ,1307,120,350,457450.0,41170.50,416279.50,339820,76459.50,01-07-2014, July ,2014
6473673,Enterprise,Canada, Velo , Medium ,567,120,125,70875.0,6378.75,64496.25,68040,-3543.75,01-09-2014, September ,2014
6473674,Enterprise,Mexico, Velo , Medium ,2110,120,125,263750.0,23737.50,240012.50,253200,-13187.50,01-09-2014, September ,2014
6473675,Government,Canada, Velo , Medium ,1269,120,350,444150.0,39973.50,404176.50,329940,74236.50,01-10-2014, October ,2014
6473676,Channel Partners,United States of America, VTT , Medium ,1956,250,12,23472.0,2112.48,21359.52,5868,15491.52,01-01-2014, January ,2014
6473677,Small Business,Germany, VTT , Medium ,2659,250,300,797700.0,71793.00,725907.00,664750,61157.00,01-02-2014, February ,2014
6473678,Government,United States of America, VTT , Medium ,1352,250,350,473025.0,42572.25,430452.75,351390,79062.75,01-04-2014, April ,2014
6473679,Channel Partners,Germany, VTT , Medium ,880,250,12,10560.0,950.40,9609.60,2640,6969.60,01-05-2014, May ,2014
6473680,Small Business,United States of America, VTT , Medium ,1867,250,300,560100.0,50409.00,509691.00,466750,42941.00,01-09-2014, September ,2014
6473681,Channel Partners,France, VTT , Medium ,2234,250,12,26808.0,2412.72,24395.28,6702,17693.28,01-09-2013, September ,2013
6473682,Midmarket,France, VTT , Medium ,1227,250,15,18405.0,1656.45,16748.55,12270,4478.55,01-10-2014, October ,2014
6473683,Enterprise,Mexico, VTT , Medium ,877,250,125,109625.0,9866.25,99758.75,105240,-5481.25,01-11-2014, November ,2014
6473684,Government,United States of America, Amarilla , Medium ,2071,260,350,724850.0,65236.50,659613.50,538460,121153.50,01-09-2014, September ,2014
6473685,Government,Canada, Amarilla , Medium ,1269,260,350,444150.0,39973.50,404176.50,329940,74236.50,01-10-2014, October ,2014
6473686,Midmarket,Germany, Amarilla , Medium ,970,260,15,14550.0,1309.50,13240.50,9700,3540.50,01-11-2013, November ,2013
6473687,Government,Mexico, Amarilla , Medium ,1694,260,20,33880.0,3049.20,30830.80,16940,13890.80,01-11-2014, November ,2014
6473688,Government,Germany, Carretera , Medium ,663,3,20,13260.0,1193.40,12066.60,6630,5436.60,01-05-2014, May ,2014
6473689,Government,Canada, Carretera , Medium ,819,3,7,5733.0,515.97,5217.03,4095,1122.03,01-07-2014, July ,2014
6473690,Channel Partners,Germany, Carretera , Medium ,1580,3,12,18960.0,1706.40,17253.60,4740,12513.60,01-09-2014, September ,2014
6473691,Government,Mexico, Carretera , Medium ,521,3,7,3647.0,328.23,3318.77,2605,713.77,01-12-2014, December ,2014
6473692,Government,United States of America, Paseo , Medium ,973,10,20,19460.0,1751.40,17708.60,9730,7978.60,01-03-2014, March ,2014
6473693,Government,Mexico, Paseo , Medium ,1038,10,20,20760.0,1868.40,18891.60,10380,8511.60,01-06-2014, June ,2014
6473694,Government,Germany, Paseo , Medium ,360,10,7,2520.0,226.80,2293.20,1800,493.20,01-10-2014, October ,2014
6473695,Channel Partners,France, Velo , Medium ,1967,120,12,23604.0,2124.36,21479.64,5901,15578.64,01-03-2014, March ,2014
6473696,Midmarket,Mexico, Velo , Medium ,2628,120,15,39420.0,3547.80,35872.20,26280,9592.20,01-04-2014, April ,2014
6473697,Government,Germany, VTT , Medium ,360,250,7,2520.0,226.80,2293.20,1800,493.20,01-10-2014, October ,2014
6473698,Government,France, VTT , Medium ,2682,250,20,53640.0,4827.60,48812.40,26820,21992.40,01-11-2013, November ,2013
6473699,Government,Mexico, VTT , Medium ,521,250,7,3647.0,328.23,3318.77,2605,713.77,01-12-2014, December ,2014
6473700,Government,Mexico, Amarilla , Medium ,1038,260,20,20760.0,1868.40,18891.60,10380,8511.60,01-06-2014, June ,2014
6473701,Midmarket,Canada, Amarilla , Medium ,1631,260,15,24457.5,2201.18,22256.33,16305,5951.33,01-07-2014, July ,2014
6473702,Channel Partners,France, Amarilla , Medium ,306,260,12,3672.0,330.48,3341.52,918,2423.52,01-12-2013, December ,2013
6473703,Channel Partners,United States of America, Carretera , High ,386,3,12,4632.0,463.20,4168.80,1158,3010.80,01-10-2013, October ,2013
6473704,Government,United States of America, Montana , High ,2328,5,7,16296.0,1629.60,14666.40,11640,3026.40,01-09-2014, September ,2014
6473705,Channel Partners,United States of America, Paseo , High ,386,10,12,4632.0,463.20,4168.80,1158,3010.80,01-10-2013, October ,2013
6473706,Enterprise,United States of America, Carretera , High ,3446,3,125,430687.5,43068.75,387618.75,413460,-25841.25,01-04-2014, April ,2014
6473707,Enterprise,France, Carretera , High ,1482,3,125,185250.0,18525.00,166725.00,177840,-11115.00,01-12-2013, December ,2013
6473708,Government,United States of America, Montana , High ,2313,5,350,809550.0,80955.00,728595.00,601380,127215.00,01-05-2014, May ,2014
6473709,Enterprise,United States of America, Montana , High ,1804,5,125,225500.0,22550.00,202950.00,216480,-1353.00,01-11-2013, November ,2013
6473710,Midmarket,France, Montana , High ,2072,5,15,31080.0,3108.00,27972.00,20720,7252.00,01-12-2014, December ,2014
6473711,Government,France, Paseo , High ,1954,10,20,39080.0,3908.00,35172.00,19540,15632.00,01-03-2014, March ,2014
6473712,Small Business,Mexico, Paseo , High ,591,10,300,177300.0,17730.00,159570.00,147750,11820.00,01-05-2014, May ,2014
6473713,Midmarket,France, Paseo , High ,2167,10,15,32505.0,3250.50,29254.50,21670,7584.50,01-10-2013, October ,2013
6473714,Government,Germany, Paseo , High ,241,10,20,4820.0,482.00,4338.00,2410,1928.00,01-10-2014, October ,2014
6473715,Midmarket,Germany, Velo , High ,681,120,15,10215.0,1021.50,9193.50,6810,2383.50,01-01-2014, January ,2014
6473716,Midmarket,Germany, Velo , High ,510,120,15,7650.0,765.00,6885.00,5100,1785.00,01-04-2014, April ,2014
6473717,Midmarket,United States of America, Velo , High ,790,120,15,11850.0,1185.00,10665.00,7900,2765.00,01-05-2014, May ,2014
6473718,Government,France, Velo , High ,639,120,350,223650.0,22365.00,201285.00,166140,35145.00,01-07-2014, July ,2014
6473719,Enterprise,United States of America, Velo , High ,1596,120,125,199500.0,19950.00,179550.00,191520,-1197.00,01-09-2014, September ,2014
6473720,Small Business,United States of America, Velo , High ,2294,120,300,688200.0,68820.00,619380.00,573500,45880.00,01-10-2013, October ,2013
6473721,Government,Germany, Velo , High ,241,120,20,4820.0,482.00,4338.00,2410,1928.00,01-10-2014, October ,2014
6473722,Government,Germany, Velo , High ,2665,120,7,18655.0,1865.50,16789.50,13325,3464.50,01-11-2014, November ,2014
6473723,Enterprise,Canada, Velo , High ,1916,120,125,239500.0,23950.00,215550.00,229920,-1437.00,01-12-2013, December ,2013
6473724,Small Business,France, Velo , High ,853,120,300,255900.0,25590.00,230310.00,213250,17060.00,01-12-2014, December ,2014
6473725,Enterprise,Mexico, VTT , High ,341,250,125,42625.0,4262.50,38362.50,40920,-2557.50,01-05-2014, May ,2014
6473726,Midmarket,Mexico, VTT , High ,641,250,15,9615.0,961.50,8653.50,6410,2243.50,01-07-2014, July ,2014
6473727,Government,United States of America, VTT , High ,2807,250,350,982450.0,98245.00,884205.00,729820,154385.00,01-08-2014, August ,2014
6473728,Small Business,Mexico, VTT , High ,432,250,300,129600.0,12960.00,116640.00,108000,8640.00,01-09-2014, September ,2014
6473729,Small Business,United States of America, VTT , High ,2294,250,300,688200.0,68820.00,619380.00,573500,45880.00,01-10-2013, October ,2013
6473730,Midmarket,France, VTT , High ,2167,250,15,32505.0,3250.50,29254.50,21670,7584.50,01-10-2013, October ,2013
6473731,Enterprise,Canada, VTT , High ,2529,250,125,316125.0,31612.50,284512.50,303480,-18967.50,01-11-2014, November ,2014
6473732,Government,Germany, VTT , High ,1870,250,350,654500.0,65450.00,589050.00,486200,102850.00,01-12-2013, December ,2013
6473733,Enterprise,United States of America, Amarilla , High ,579,260,125,72375.0,7237.50,65137.50,69480,-4342.50,01-01-2014, January ,2014
6473734,Government,Canada, Amarilla , High ,2240,260,350,784000.0,78400.00,705600.00,582400,123200.00,01-02-2014, February ,2014
6473735,Small Business,United States of America, Amarilla , High ,2993,260,300,897900.0,89790.00,808110.00,748250,59860.00,01-03-2014, March ,2014
6473736,Channel Partners,Canada, Amarilla , High ,3521,260,12,42246.0,4224.60,38021.40,10562,27459.90,01-04-2014, April ,2014
6473737,Government,Mexico, Amarilla , High ,2039,260,20,40780.0,4078.00,36702.00,20390,16312.00,01-05-2014, May ,2014
6473738,Channel Partners,Germany, Amarilla , High ,2574,260,12,30888.0,3088.80,27799.20,7722,20077.20,01-08-2014, August ,2014
6473739,Government,Canada, Amarilla , High ,707,260,350,247450.0,24745.00,222705.00,183820,38885.00,01-09-2014, September ,2014
6473740,Midmarket,France, Amarilla , High ,2072,260,15,31080.0,3108.00,27972.00,20720,7252.00,01-12-2014, December ,2014
6473741,Small Business,France, Amarilla , High ,853,260,300,255900.0,25590.00,230310.00,213250,17060.00,01-12-2014, December ,2014
6473742,Channel Partners,France, Carretera , High ,1198,3,12,14376.0,1581.36,12794.64,3594,9200.64,01-10-2013, October ,2013
6473743,Government,France, Paseo , High ,2532,10,7,17724.0,1949.64,15774.36,12660,3114.36,01-04-2014, April ,2014
6473744,Channel Partners,France, Paseo , High ,1198,10,12,14376.0,1581.36,12794.64,3594,9200.64,01-10-2013, October ,2013
6473745,Midmarket,Canada, Velo , High ,384,120,15,5760.0,633.60,5126.40,3840,1286.40,01-01-2014, January ,2014
6473746,Channel Partners,Germany, Velo , High ,472,120,12,5664.0,623.04,5040.96,1416,3624.96,01-10-2014, October ,2014
6473747,Government,United States of America, VTT , High ,1579,250,7,11053.0,1215.83,9837.17,7895,1942.17,01-03-2014, March ,2014
6473748,Channel Partners,Mexico, VTT , High ,1005,250,12,12060.0,1326.60,10733.40,3015,7718.40,01-09-2013, September ,2013
6473749,Midmarket,United States of America, Amarilla , High ,3200,260,15,47992.5,5279.18,42713.33,31995,10718.33,01-07-2014, July ,2014
6473750,Channel Partners,Germany, Amarilla , High ,472,260,12,5664.0,623.04,5040.96,1416,3624.96,01-10-2014, October ,2014
6473751,Channel Partners,Canada, Carretera , High ,1937,3,12,23244.0,2556.84,20687.16,5811,14876.16,01-02-2014, February ,2014
6473752,Government,Germany, Carretera , High ,792,3,350,277200.0,30492.00,246708.00,205920,40788.00,01-03-2014, March ,2014
6473753,Small Business,Germany, Carretera , High ,2811,3,300,843300.0,92763.00,750537.00,702750,47787.00,01-07-2014, July ,2014
6473754,Enterprise,France, Carretera , High ,2441,3,125,305125.0,33563.75,271561.25,292920,-21358.75,01-10-2014, October ,2014
6473755,Midmarket,Canada, Carretera , High ,1560,3,15,23400.0,2574.00,20826.00,15600,5226.00,01-11-2013, November ,2013
6473756,Government,Mexico, Carretera , High ,2706,3,7,18942.0,2083.62,16858.38,13530,3328.38,01-11-2013, November ,2013
6473757,Government,Germany, Montana , High ,766,5,350,268100.0,29491.00,238609.00,199160,39449.00,01-01-2014, January ,2014
6473758,Government,Germany, Montana , High ,2992,5,20,59840.0,6582.40,53257.60,29920,23337.60,01-10-2013, October ,2013
6473759,Midmarket,Mexico, Montana , High ,2157,5,15,32355.0,3559.05,28795.95,21570,7225.95,01-12-2014, December ,2014
6473760,Small Business,Canada, Paseo , High ,873,10,300,261900.0,28809.00,233091.00,218250,14841.00,01-01-2014, January ,2014
6473761,Government,Mexico, Paseo , High ,1122,10,20,22440.0,2468.40,19971.60,11220,8751.60,01-03-2014, March ,2014
6473762,Government,Canada, Paseo , High ,2105,10,350,736575.0,81023.25,655551.75,547170,108381.75,01-07-2014, July ,2014
6473763,Channel Partners,Canada, Paseo , High ,4026,10,12,48312.0,5314.32,42997.68,12078,30919.68,01-07-2014, July ,2014
6473764,Channel Partners,France, Paseo , High ,2426,10,12,29106.0,3201.66,25904.34,7277,18627.84,01-07-2014, July ,2014
6473765,Government,Canada, Paseo , High ,2394,10,20,47880.0,5266.80,42613.20,23940,18673.20,01-08-2014, August ,2014
6473766,Midmarket,Mexico, Paseo , High ,1984,10,15,29760.0,3273.60,26486.40,19840,6646.40,01-08-2014, August ,2014
6473767,Enterprise,France, Paseo , High ,2441,10,125,305125.0,33563.75,271561.25,292920,-21358.75,01-10-2014, October ,2014
6473768,Government,Germany, Paseo , High ,2992,10,20,59840.0,6582.40,53257.60,29920,23337.60,01-10-2013, October ,2013
6473769,Small Business,Canada, Paseo , High ,1366,10,300,409800.0,45078.00,364722.00,341500,23222.00,01-11-2014, November ,2014
6473770,Government,France, Velo , High ,2805,120,20,56100.0,6171.00,49929.00,28050,21879.00,01-09-2013, September ,2013
6473771,Midmarket,Mexico, Velo , High ,655,120,15,9825.0,1080.75,8744.25,6550,2194.25,01-09-2013, September ,2013
6473772,Government,Mexico, Velo , High ,344,120,350,120400.0,13244.00,107156.00,89440,17716.00,01-10-2013, October ,2013
6473773,Government,Canada, Velo , High ,1808,120,7,12656.0,1392.16,11263.84,9040,2223.84,01-11-2014, November ,2014
6473774,Channel Partners,France, VTT , High ,1734,250,12,20808.0,2288.88,18519.12,5202,13317.12,01-01-2014, January ,2014
6473775,Enterprise,Mexico, VTT , High ,554,250,125,69250.0,7617.50,61632.50,66480,-4847.50,01-01-2014, January ,2014
6473776,Government,Canada, VTT , High ,2935,250,20,58700.0,6457.00,52243.00,29350,22893.00,01-11-2013, November ,2013
6473777,Enterprise,Germany, Amarilla , High ,3165,260,125,395625.0,43518.75,352106.25,379800,-27693.75,01-01-2014, January ,2014
6473778,Government,Mexico, Amarilla , High ,2629,260,20,52580.0,5783.80,46796.20,26290,20506.20,01-01-2014, January ,2014
6473779,Enterprise,France, Amarilla , High ,1433,260,125,179125.0,19703.75,159421.25,171960,-12538.75,01-05-2014, May ,2014
6473780,Enterprise,Mexico, Amarilla , High ,947,260,125,118375.0,13021.25,105353.75,113640,-8286.25,01-09-2013, September ,2013
6473781,Government,Mexico, Amarilla , High ,344,260,350,120400.0,13244.00,107156.00,89440,17716.00,01-10-2013, October ,2013
6473782,Midmarket,Mexico, Amarilla , High ,2157,260,15,32355.0,3559.05,28795.95,21570,7225.95,01-12-2014, December ,2014
6473783,Government,United States of America, Paseo , High ,380,10,7,2660.0,292.60,2367.40,1900,467.40,01-09-2013, September ,2013
6473784,Government,Mexico, Carretera , High ,886,3,350,310100.0,37212.00,272888.00,230360,42528.00,01-06-2014, June ,2014
6473785,Enterprise,Canada, Carretera , High ,2416,3,125,302000.0,36240.00,265760.00,289920,-2416.00,01-09-2013, September ,2013
6473786,Enterprise,Mexico, Carretera , High ,2156,3,125,269500.0,32340.00,237160.00,258720,-2156.00,01-10-2014, October ,2014
6473787,Midmarket,Canada, Carretera , High ,2689,3,15,40335.0,4840.20,35494.80,26890,8604.80,01-11-2014, November ,2014
6473788,Midmarket,United States of America, Montana , High ,677,5,15,10155.0,1218.60,8936.40,6770,2166.40,01-03-2014, March ,2014
6473789,Small Business,France, Montana , High ,1773,5,300,531900.0,63828.00,468072.00,443250,24822.00,01-04-2014, April ,2014
6473790,Government,Mexico, Montana , High ,2420,5,7,16940.0,2032.80,14907.20,12100,2807.20,01-09-2014, September ,2014
6473791,Government,Canada, Montana , High ,2734,5,7,19138.0,2296.56,16841.44,13670,3171.44,01-10-2014, October ,2014
6473792,Government,Mexico, Montana , High ,1715,5,20,34300.0,4116.00,30184.00,17150,13034.00,01-10-2013, October ,2013
6473793,Small Business,France, Montana , High ,1186,5,300,355800.0,42696.00,313104.00,296500,16604.00,01-12-2013, December ,2013
6473794,Small Business,United States of America, Paseo , High ,3495,10,300,1048500.0,125820.00,922680.00,873750,48930.00,01-01-2014, January ,2014
6473795,Government,Mexico, Paseo , High ,886,10,350,310100.0,37212.00,272888.00,230360,42528.00,01-06-2014, June ,2014
6473796,Enterprise,Mexico, Paseo , High ,2156,10,125,269500.0,32340.00,237160.00,258720,-2156.00,01-10-2014, October ,2014
6473797,Government,Mexico, Paseo , High ,905,10,20,18100.0,2172.00,15928.00,9050,6878.00,01-10-2014, October ,2014
6473798,Government,Mexico, Paseo , High ,1715,10,20,34300.0,4116.00,30184.00,17150,13034.00,01-10-2013, October ,2013
6473799,Government,France, Paseo , High ,1594,10,350,557900.0,66948.00,490952.00,414440,76512.00,01-11-2014, November ,2014
6473800,Small Business,Germany, Paseo , High ,1359,10,300,407700.0,48924.00,358776.00,339750,19026.00,01-11-2014, November ,2014
6473801,Small Business,Mexico, Paseo , High ,2150,10,300,645000.0,77400.00,567600.00,537500,30100.00,01-11-2014, November ,2014
6473802,Government,Mexico, Paseo , High ,1197,10,350,418950.0,50274.00,368676.00,311220,57456.00,01-11-2014, November ,2014
6473803,Midmarket,Mexico, Paseo , High ,380,10,15,5700.0,684.00,5016.00,3800,1216.00,01-12-2013, December ,2013
6473804,Government,Mexico, Paseo , High ,1233,10,20,24660.0,2959.20,21700.80,12330,9370.80,01-12-2014, December ,2014
6473805,Government,Mexico, Velo , High ,1395,120,350,488250.0,58590.00,429660.00,362700,66960.00,01-07-2014, July ,2014
6473806,Government,United States of America, Velo , High ,986,120,350,345100.0,41412.00,303688.00,256360,47328.00,01-10-2014, October ,2014
6473807,Government,Mexico, Velo , High ,905,120,20,18100.0,2172.00,15928.00,9050,6878.00,01-10-2014, October ,2014
6473808,Channel Partners,Canada, VTT , High ,2109,250,12,25308.0,3036.96,22271.04,6327,15944.04,01-05-2014, May ,2014
6473809,Midmarket,France, VTT , High ,3875,250,15,58117.5,6974.10,51143.40,38745,12398.40,01-07-2014, July ,2014
6473810,Government,Canada, VTT , High ,623,250,350,218050.0,26166.00,191884.00,161980,29904.00,01-09-2013, September ,2013
6473811,Government,United States of America, VTT , High ,986,250,350,345100.0,41412.00,303688.00,256360,47328.00,01-10-2014, October ,2014
6473812,Enterprise,United States of America, VTT , High ,2387,250,125,298375.0,35805.00,262570.00,286440,-2387.00,01-11-2014, November ,2014
6473813,Government,Mexico, VTT , High ,1233,250,20,24660.0,2959.20,21700.80,12330,9370.80,01-12-2014, December ,2014
6473814,Government,United States of America, Amarilla , High ,270,260,350,94500.0,11340.00,83160.00,70200,12960.00,01-02-2014, February ,2014
6473815,Government,France, Amarilla , High ,3422,260,7,23950.5,2874.06,21076.44,17108,3968.94,01-07-2014, July ,2014
6473816,Government,Canada, Amarilla , High ,2734,260,7,19138.0,2296.56,16841.44,13670,3171.44,01-10-2014, October ,2014
6473817,Midmarket,United States of America, Amarilla , High ,2548,260,15,38220.0,4586.40,33633.60,25480,8153.60,01-11-2013, November ,2013
6473818,Government,France, Carretera , High ,2522,3,20,50430.0,6051.60,44378.40,25215,19163.40,01-01-2014, January ,2014
6473819,Channel Partners,Mexico, Montana , High ,2661,5,12,31932.0,3831.84,28100.16,7983,20117.16,01-05-2014, May ,2014
6473820,Government,Germany, Paseo , High ,1531,10,20,30620.0,3674.40,26945.60,15310,11635.60,01-12-2014, December ,2014
6473821,Government,France, VTT , High ,1491,250,7,10437.0,1252.44,9184.56,7455,1729.56,01-03-2014, March ,2014
6473822,Government,Germany, VTT , High ,1531,250,20,30620.0,3674.40,26945.60,15310,11635.60,01-12-2014, December ,2014
6473823,Channel Partners,Canada, Amarilla , High ,2761,260,12,33132.0,3975.84,29156.16,8283,20873.16,01-09-2013, September ,2013
6473824,Midmarket,United States of America, Carretera , High ,2567,3,15,38505.0,5005.65,33499.35,25670,7829.35,01-06-2014, June ,2014
6473825,Midmarket,United States of America, VTT , High ,2567,250,15,38505.0,5005.65,33499.35,25670,7829.35,01-06-2014, June ,2014
6473826,Government,Canada, Carretera , High ,923,3,350,323050.0,41996.50,281053.50,239980,41073.50,01-03-2014, March ,2014
6473827,Government,France, Carretera , High ,1790,3,350,626500.0,81445.00,545055.00,465400,79655.00,01-03-2014, March ,2014
6473828,Government,Germany, Carretera , High ,442,3,20,8840.0,1149.20,7690.80,4420,3270.80,01-09-2013, September ,2013
6473829,Government,United States of America, Montana , High ,983,5,350,343875.0,44703.75,299171.25,255450,43721.25,01-01-2014, January ,2014
6473830,Government,United States of America, Montana , High ,1298,5,7,9086.0,1181.18,7904.82,6490,1414.82,01-02-2014, February ,2014
6473831,Channel Partners,Mexico, Montana , High ,604,5,12,7248.0,942.24,6305.76,1812,4493.76,01-06-2014, June ,2014
6473832,Government,Mexico, Montana , High ,2255,5,20,45100.0,5863.00,39237.00,22550,16687.00,01-07-2014, July ,2014
6473833,Government,Canada, Montana , High ,1249,5,20,24980.0,3247.40,21732.60,12490,9242.60,01-10-2014, October ,2014
6473834,Government,United States of America, Paseo , High ,1439,10,7,10069.5,1309.04,8760.47,7193,1567.97,01-01-2014, January ,2014
6473835,Small Business,Germany, Paseo , High ,807,10,300,242100.0,31473.00,210627.00,201750,8877.00,01-01-2014, January ,2014
6473836,Government,United States of America, Paseo , High ,2641,10,20,52820.0,6866.60,45953.40,26410,19543.40,01-02-2014, February ,2014
6473837,Government,Germany, Paseo , High ,2708,10,20,54160.0,7040.80,47119.20,27080,20039.20,01-02-2014, February ,2014
6473838,Government,Canada, Paseo , High ,2632,10,350,921200.0,119756.00,801444.00,684320,117124.00,01-06-2014, June ,2014
6473839,Enterprise,Canada, Paseo , High ,1583,10,125,197875.0,25723.75,172151.25,189960,-17808.75,01-06-2014, June ,2014
6473840,Channel Partners,Mexico, Paseo , High ,571,10,12,6852.0,890.76,5961.24,1713,4248.24,01-07-2014, July ,2014
6473841,Government,France, Paseo , High ,2696,10,7,18872.0,2453.36,16418.64,13480,2938.64,01-08-2014, August ,2014
6473842,Midmarket,Canada, Paseo , High ,1565,10,15,23475.0,3051.75,20423.25,15650,4773.25,01-10-2014, October ,2014
6473843,Government,Canada, Paseo , High ,1249,10,20,24980.0,3247.40,21732.60,12490,9242.60,01-10-2014, October ,2014
6473844,Government,Germany, Paseo , High ,357,10,350,124950.0,16243.50,108706.50,92820,15886.50,01-11-2014, November ,2014
6473845,Channel Partners,Germany, Paseo , High ,1013,10,12,12156.0,1580.28,10575.72,3039,7536.72,01-12-2014, December ,2014
6473846,Midmarket,France, Velo , High ,3998,120,15,59962.5,7795.13,52167.38,39975,12192.38,01-01-2014, January ,2014
6473847,Government,Canada, Velo , High ,2632,120,350,921200.0,119756.00,801444.00,684320,117124.00,01-06-2014, June ,2014
6473848,Government,France, Velo , High ,1190,120,7,8330.0,1082.90,7247.10,5950,1297.10,01-06-2014, June ,2014
6473849,Channel Partners,Mexico, Velo , High ,604,120,12,7248.0,942.24,6305.76,1812,4493.76,01-06-2014, June ,2014
6473850,Midmarket,Germany, Velo , High ,660,120,15,9900.0,1287.00,8613.00,6600,2013.00,01-09-2013, September ,2013
6473851,Channel Partners,Mexico, Velo , High ,410,120,12,4920.0,639.60,4280.40,1230,3050.40,01-10-2014, October ,2014
6473852,Small Business,Mexico, Velo , High ,2605,120,300,781500.0,101595.00,679905.00,651250,28655.00,01-11-2013, November ,2013
6473853,Channel Partners,Germany, Velo , High ,1013,120,12,12156.0,1580.28,10575.72,3039,7536.72,01-12-2014, December ,2014
6473854,Enterprise,Canada, VTT , High ,1583,250,125,197875.0,25723.75,172151.25,189960,-17808.75,01-06-2014, June ,2014
6473855,Midmarket,Canada, VTT , High ,1565,250,15,23475.0,3051.75,20423.25,15650,4773.25,01-10-2014, October ,2014
6473856,Enterprise,Canada, Amarilla , High ,1659,260,125,207375.0,26958.75,180416.25,199080,-18663.75,01-01-2014, January ,2014
6473857,Government,France, Amarilla , High ,1190,260,7,8330.0,1082.90,7247.10,5950,1297.10,01-06-2014, June ,2014
6473858,Channel Partners,Mexico, Amarilla , High ,410,260,12,4920.0,639.60,4280.40,1230,3050.40,01-10-2014, October ,2014
6473859,Channel Partners,Germany, Amarilla , High ,1770,260,12,21240.0,2761.20,18478.80,5310,13168.80,01-12-2013, December ,2013
6473860,Government,Mexico, Carretera , High ,2579,3,20,51580.0,7221.20,44358.80,25790,18568.80,01-04-2014, April ,2014
6473861,Government,United States of America, Carretera , High ,1743,3,20,34860.0,4880.40,29979.60,17430,12549.60,01-05-2014, May ,2014
6473862,Government,United States of America, Carretera , High ,2996,3,7,20972.0,2936.08,18035.92,14980,3055.92,01-10-2013, October ,2013
6473863,Government,Germany, Carretera , High ,280,3,7,1960.0,274.40,1685.60,1400,285.60,01-12-2014, December ,2014
6473864,Government,France, Montana , High ,293,5,7,2051.0,287.14,1763.86,1465,298.86,01-02-2014, February ,2014
6473865,Government,United States of America, Montana , High ,2996,5,7,20972.0,2936.08,18035.92,14980,3055.92,01-10-2013, October ,2013
6473866,Midmarket,Germany, Paseo , High ,278,10,15,4170.0,583.80,3586.20,2780,806.20,01-02-2014, February ,2014
6473867,Government,Canada, Paseo , High ,2428,10,20,48560.0,6798.40,41761.60,24280,17481.60,01-03-2014, March ,2014
6473868,Midmarket,United States of America, Paseo , High ,1767,10,15,26505.0,3710.70,22794.30,17670,5124.30,01-09-2014, September ,2014
6473869,Channel Partners,France, Paseo , High ,1393,10,12,16716.0,2340.24,14375.76,4179,10196.76,01-10-2014, October ,2014
6473870,Government,Germany, VTT , High ,280,250,7,1960.0,274.40,1685.60,1400,285.60,01-12-2014, December ,2014
6473871,Channel Partners,France, Amarilla , High ,1393,260,12,16716.0,2340.24,14375.76,4179,10196.76,01-10-2014, October ,2014
6473872,Channel Partners,United States of America, Amarilla , High ,2015,260,12,24180.0,3385.20,20794.80,6045,14749.80,01-12-2013, December ,2013
6473873,Small Business,Mexico, Carretera , High ,801,3,300,240300.0,33642.00,206658.00,200250,6408.00,01-07-2014, July ,2014
6473874,Enterprise,France, Carretera , High ,1023,3,125,127875.0,17902.50,109972.50,122760,-12787.50,01-09-2013, September ,2013
6473875,Small Business,Canada, Carretera , High ,1496,3,300,448800.0,62832.00,385968.00,374000,11968.00,01-10-2014, October ,2014
6473876,Small Business,United States of America, Carretera , High ,1010,3,300,303000.0,42420.00,260580.00,252500,8080.00,01-10-2014, October ,2014
6473877,Midmarket,Germany, Carretera , High ,1513,3,15,22695.0,3177.30,19517.70,15130,4387.70,01-11-2014, November ,2014
6473878,Midmarket,Canada, Carretera , High ,2300,3,15,34500.0,4830.00,29670.00,23000,6670.00,01-12-2014, December ,2014
6473879,Enterprise,Mexico, Carretera , High ,2821,3,125,352625.0,49367.50,303257.50,338520,-35262.50,01-12-2013, December ,2013
6473880,Government,Canada, Montana , High ,2228,5,350,779625.0,109147.50,670477.50,579150,91327.50,01-01-2014, January ,2014
6473881,Government,Germany, Montana , High ,1199,5,350,419650.0,58751.00,360899.00,311740,49159.00,01-04-2014, April ,2014
6473882,Government,Canada, Montana , High ,200,5,350,70000.0,9800.00,60200.00,52000,8200.00,01-05-2014, May ,2014
6473883,Government,Canada, Montana , High ,388,5,7,2716.0,380.24,2335.76,1940,395.76,01-09-2014, September ,2014
6473884,Government,Mexico, Montana , High ,1727,5,7,12089.0,1692.46,10396.54,8635,1761.54,01-10-2013, October ,2013
6473885,Midmarket,Canada, Montana , High ,2300,5,15,34500.0,4830.00,29670.00,23000,6670.00,01-12-2014, December ,2014
6473886,Government,Mexico, Paseo , High ,260,10,20,5200.0,728.00,4472.00,2600,1872.00,01-02-2014, February ,2014
6473887,Midmarket,Canada, Paseo , High ,2470,10,15,37050.0,5187.00,31863.00,24700,7163.00,01-09-2013, September ,2013
6473888,Midmarket,Canada, Paseo , High ,1743,10,15,26145.0,3660.30,22484.70,17430,5054.70,01-10-2013, October ,2013
6473889,Channel Partners,United States of America, Paseo , High ,2914,10,12,34968.0,4895.52,30072.48,8742,21330.48,01-10-2014, October ,2014
6473890,Government,France, Paseo , High ,1731,10,7,12117.0,1696.38,10420.62,8655,1765.62,01-10-2014, October ,2014
6473891,Government,Canada, Paseo , High ,700,10,350,245000.0,34300.00,210700.00,182000,28700.00,01-11-2014, November ,2014
6473892,Channel Partners,Canada, Paseo , High ,2222,10,12,26664.0,3732.96,22931.04,6666,16265.04,01-11-2013, November ,2013
6473893,Government,United States of America, Paseo , High ,1177,10,350,411950.0,57673.00,354277.00,306020,48257.00,01-11-2014, November ,2014
6473894,Government,France, Paseo , High ,1922,10,350,672700.0,94178.00,578522.00,499720,78802.00,01-11-2013, November ,2013
6473895,Enterprise,Mexico, Velo , High ,1575,120,125,196875.0,27562.50,169312.50,189000,-19687.50,01-02-2014, February ,2014
6473896,Government,United States of America, Velo , High ,606,120,20,12120.0,1696.80,10423.20,6060,4363.20,01-04-2014, April ,2014
6473897,Small Business,United States of America, Velo , High ,2460,120,300,738000.0,103320.00,634680.00,615000,19680.00,01-07-2014, July ,2014
6473898,Small Business,Canada, Velo , High ,269,120,300,80700.0,11298.00,69402.00,67250,2152.00,01-10-2013, October ,2013
6473899,Small Business,Germany, Velo , High ,2536,120,300,760800.0,106512.00,654288.00,634000,20288.00,01-11-2013, November ,2013
6473900,Government,Mexico, VTT , High ,2903,250,7,20321.0,2844.94,17476.06,14515,2961.06,01-03-2014, March ,2014
6473901,Small Business,United States of America, VTT , High ,2541,250,300,762300.0,106722.00,655578.00,635250,20328.00,01-08-2014, August ,2014
6473902,Small Business,Canada, VTT , High ,269,250,300,80700.0,11298.00,69402.00,67250,2152.00,01-10-2013, October ,2013
6473903,Small Business,Canada, VTT , High ,1496,250,300,448800.0,62832.00,385968.00,374000,11968.00,01-10-2014, October ,2014
6473904,Small Business,United States of America, VTT , High ,1010,250,300,303000.0,42420.00,260580.00,252500,8080.00,01-10-2014, October ,2014
6473905,Government,France, VTT , High ,1281,250,350,448350.0,62769.00,385581.00,333060,52521.00,01-12-2013, December ,2013
6473906,Small Business,Canada, Amarilla , High ,888,260,300,266400.0,37296.00,229104.00,222000,7104.00,01-03-2014, March ,2014
6473907,Enterprise,United States of America, Amarilla , High ,2844,260,125,355500.0,49770.00,305730.00,341280,-3555.00,01-05-2014, May ,2014
6473908,Channel Partners,France, Amarilla , High ,2475,260,12,29700.0,4158.00,25542.00,7425,18117.00,01-08-2014, August ,2014
6473909,Midmarket,Canada, Amarilla , High ,1743,260,15,26145.0,3660.30,22484.70,17430,5054.70,01-10-2013, October ,2013
6473910,Channel Partners,United States of America, Amarilla , High ,2914,260,12,34968.0,4895.52,30072.48,8742,21330.48,01-10-2014, October ,2014
6473911,Government,France, Amarilla , High ,1731,260,7,12117.0,1696.38,10420.62,8655,1765.62,01-10-2014, October ,2014
6473912,Government,Mexico, Amarilla , High ,1727,260,7,12089.0,1692.46,10396.54,8635,1761.54,01-10-2013, October ,2013
6473913,Midmarket,Mexico, Amarilla , High ,1870,260,15,28050.0,3927.00,24123.00,18700,5423.00,01-11-2013, November ,2013
6473914,Enterprise,France, Carretera , High ,1174,3,125,146750.0,22012.50,124737.50,140880,-16142.50,01-08-2014, August ,2014
6473915,Enterprise,Germany, Carretera , High ,2767,3,125,345875.0,51881.25,293993.75,332040,-38046.25,01-08-2014, August ,2014
6473916,Enterprise,Germany, Carretera , High ,1085,3,125,135625.0,20343.75,115281.25,130200,-14918.75,01-10-2014, October ,2014
6473917,Small Business,Mexico, Montana , High ,546,5,300,163800.0,24570.00,139230.00,136500,2730.00,01-10-2014, October ,2014
6473918,Government,Germany, Paseo , High ,1158,10,20,23160.0,3474.00,19686.00,11580,8106.00,01-03-2014, March ,2014
6473919,Midmarket,Canada, Paseo , High ,1614,10,15,24210.0,3631.50,20578.50,16140,4438.50,01-04-2014, April ,2014
6473920,Government,Mexico, Paseo , High ,2535,10,7,17745.0,2661.75,15083.25,12675,2408.25,01-04-2014, April ,2014
6473921,Government,Mexico, Paseo , High ,2851,10,350,997850.0,149677.50,848172.50,741260,106912.50,01-05-2014, May ,2014
6473922,Midmarket,Canada, Paseo , High ,2559,10,15,38385.0,5757.75,32627.25,25590,7037.25,01-08-2014, August ,2014
6473923,Government,United States of America, Paseo , High ,267,10,20,5340.0,801.00,4539.00,2670,1869.00,01-10-2013, October ,2013
6473924,Enterprise,Germany, Paseo , High ,1085,10,125,135625.0,20343.75,115281.25,130200,-14918.75,01-10-2014, October ,2014
6473925,Midmarket,Germany, Paseo , High ,1175,10,15,17625.0,2643.75,14981.25,11750,3231.25,01-10-2014, October ,2014
6473926,Government,United States of America, Paseo , High ,2007,10,350,702450.0,105367.50,597082.50,521820,75262.50,01-11-2013, November ,2013
6473927,Government,Mexico, Paseo , High ,2151,10,350,752850.0,112927.50,639922.50,559260,80662.50,01-11-2013, November ,2013
6473928,Channel Partners,United States of America, Paseo , High ,914,10,12,10968.0,1645.20,9322.80,2742,6580.80,01-12-2014, December ,2014
6473929,Government,France, Paseo , High ,293,10,20,5860.0,879.00,4981.00,2930,2051.00,01-12-2014, December ,2014
6473930,Channel Partners,Mexico, Velo , High ,500,120,12,6000.0,900.00,5100.00,1500,3600.00,01-03-2014, March ,2014
6473931,Midmarket,France, Velo , High ,2826,120,15,42390.0,6358.50,36031.50,28260,7771.50,01-05-2014, May ,2014
6473932,Enterprise,France, Velo , High ,663,120,125,82875.0,12431.25,70443.75,79560,-9116.25,01-09-2014, September ,2014
6473933,Small Business,United States of America, Velo , High ,2574,120,300,772200.0,115830.00,656370.00,643500,12870.00,01-11-2013, November ,2013
6473934,Enterprise,United States of America, Velo , High ,2438,120,125,304750.0,45712.50,259037.50,292560,-33522.50,01-12-2013, December ,2013
6473935,Channel Partners,United States of America, Velo , High ,914,120,12,10968.0,1645.20,9322.80,2742,6580.80,01-12-2014, December ,2014
6473936,Government,Canada, VTT , High ,866,250,20,17310.0,2596.50,14713.50,8655,6058.50,01-07-2014, July ,2014
6473937,Midmarket,Germany, VTT , High ,492,250,15,7380.0,1107.00,6273.00,4920,1353.00,01-07-2014, July ,2014
6473938,Government,United States of America, VTT , High ,267,250,20,5340.0,801.00,4539.00,2670,1869.00,01-10-2013, October ,2013
6473939,Midmarket,Germany, VTT , High ,1175,250,15,17625.0,2643.75,14981.25,11750,3231.25,01-10-2014, October ,2014
6473940,Enterprise,Canada, VTT , High ,2954,250,125,369250.0,55387.50,313862.50,354480,-40617.50,01-11-2013, November ,2013
6473941,Enterprise,Germany, VTT , High ,552,250,125,69000.0,10350.00,58650.00,66240,-759.00,01-11-2014, November ,2014
6473942,Government,France, VTT , High ,293,250,20,5860.0,879.00,4981.00,2930,2051.00,01-12-2014, December ,2014
6473943,Small Business,France, Amarilla , High ,2475,260,300,742500.0,111375.00,631125.00,618750,12375.00,01-03-2014, March ,2014
6473944,Small Business,Mexico, Amarilla , High ,546,260,300,163800.0,24570.00,139230.00,136500,2730.00,01-10-2014, October ,2014
6473945,Government,Mexico, Montana , High ,1368,5,7,9576.0,1436.40,8139.60,6840,1299.60,01-02-2014, February ,2014
6473946,Government,Canada, Paseo , High ,723,10,7,5061.0,759.15,4301.85,3615,686.85,01-04-2014, April ,2014
6473947,Channel Partners,United States of America, VTT , High ,1806,250,12,21672.0,3250.80,18421.20,5418,13003.20,01-05-2014, May ,2014
